Workbook
Name p_PassTotal: Lists!$N$4
Name p_PassExt: Lists!$N$5
Name p_SgpaDiv: Lists!$N$6
Name p_Distinction: Lists!$N$7
Name p_AttMin: Lists!$N$8
Name p_AttGood: Lists!$N$9
Name p_AttExc: Lists!$N$10
Name w_Fb: Lists!$N$11
Name w_Pass: Lists!$N$12
Name w_Res: Lists!$N$13
Name w_Exp: Lists!$N$14
Name p_ResCap: Lists!$N$15
Name p_ExpCap: Lists!$N$16
Name p_Rate1: Lists!$N$17
Name p_Rate2: Lists!$N$18
Name p_Rate3: Lists!$N$19
Name p_CoursePass: Lists!$N$20
Name fSt_B: 'Student Dashboard'!$C$5
Name cSt_B: Calc!$C$4
Name fSt_S: 'Student Dashboard'!$E$5
Name cSt_S: Calc!$C$5
Name fSt_Y: 'Student Dashboard'!$G$5
Name cSt_Y: Calc!$C$6
Name fAt_B: 'Attendance Dashboard'!$C$5
Name cAt_B: Calc!$C$7
Name fAt_S: 'Attendance Dashboard'!$E$5
Name cAt_S: Calc!$C$8
Name fAt_Y: 'Attendance Dashboard'!$G$5
Name cAt_Y: Calc!$C$9
Name fCo_B: 'Course Dashboard'!$C$5
Name cCo_B: Calc!$C$10
Name fCo_S: 'Course Dashboard'!$E$5
Name cCo_S: Calc!$C$11
Name fCo_Y: 'Course Dashboard'!$G$5
Name cCo_Y: Calc!$C$12
Name fFa_B: 'Faculty Dashboard'!$C$5
Name cFa_B: Calc!$C$13
Name fFa_Y: 'Faculty Dashboard'!$E$5
Name cFa_Y: Calc!$C$14
Name fPl_B: 'Placement Dashboard'!$C$5
Name cPl_B: Calc!$C$15
Name fPl_Y: 'Placement Dashboard'!$E$5
Name cPl_Y: Calc!$C$16
Name fOv_B: 'Overview'!$C$5
Name cOv_B: Calc!$C$17
Name fOv_Y: 'Overview'!$E$5
Name cOv_Y: Calc!$C$18

Sheet Overview
B1: Education & Student Analytics System
B2: Executive overview of all five modules | filter by Branch and Year
B3: « Overview | D3: Students | E3: Attendance | F3: Faculty | G3: Placements | I3: Courses | K3: Instructions | M3: Lists »
B5: Branch | C5: All | D5: Year | E5: All | I5: Choose 'All' to clear a filter. Branch charts compare all branches (Year filter applies). Click any button above to jump to a module.
B7: STUDENTS ASSESSED | E7: AVERAGE ATTENDANCE | I7: PLACEMENT RATE | L7: AVG FACULTY SCORE
B8: =COUNTIFS(tblStudents[Branch],cOv_B,tblStudents[Year],cOv_Y) -> 240 | E8: =IFERROR(AVERAGEIFS(tblAttendance[Attendance %],tblAttendance[Branch],cOv_B,tblAttendance[Year],cOv_Y),0) -> 0.8345168 | I8: =IFERROR(COUNTIFS(tblPlacements[Branch],cOv_B,tblPlacements[Year],cOv_Y,tblPlacements[Status],"Placed")/COUNTIFS(tblPlacements[Branch],cOv_B,tblPlacements[Year],cOv_Y),0) -> 0.76 | L8: =IFERROR(AVERAGEIFS(tblFaculty[Performance Score],tblFaculty[Department],cOv_B,tblFaculty[Year],cOv_Y),0) -> 76.45
B10: ="Pass rate: "&TEXT(IFERROR(COUNTIFS(tblStudents[Branch],cOv_B,tblStudents[Year],cOv_Y,tblStudents[Result],"Pass")/COUNTIFS(tblStudents[Branch],cOv_B,tblStudents[Year],cOv_Y),0),"0.0%") -> Pass rate: 89.2% | E10: =COUNTIFS(tblAttendance[Branch],cOv_B,tblAttendance[Year],cOv_Y,tblAttendance[Attendance %],"<"&p_AttMin)&" students below "&TEXT(p_AttMin,"0%") -> 42 students below 75% | I10: ="Average package: "&TEXT(IFERROR(AVERAGEIFS(tblPlacements[Package LPA],tblPlacements[Branch],cOv_B,tblPlacements[Year],cOv_Y,tblPlacements[Status],"Placed"),0),"0.0")&" LPA" -> Average package: 9.6 LPA | L10: ="Course pass rate: "&TEXT(IFERROR(SUMIFS(tblCourses[Passed],tblCourses[Branch],cOv_B,tblCourses[Year],cOv_Y)/SUMIFS(tblCourses[Enrolled],tblCourses[Branch],cOv_B,tblCourses[Year],cOv_Y),0),"0.0%") -> Course pass rate: 89.7%
B42: BRANCH LEADERBOARD (composite = average of pass, attendance & placement rates) | I42: MODULE SCORECARD (current filter selection)
B43: # | C43: Branch | D43: Composite | E43: Pass Rate | F43: Attendance | G43: Placement | I43: # | J43: Module | K43: Headline metric | M43: Value | N43: Open
B44: 1 | C44: =INDEX(Calc!$A$164:$A$168,MATCH(LARGE(Calc!$I$164:$I$168,$B44),Calc!$I$164:$I$168,0)) -> IT | D44: =INDEX(Calc!$H$164:$H$168,MATCH(LARGE(Calc!$I$164:$I$168,$B44),Calc!$I$164:$I$168,0)) -> 0.87804501 | E44: =INDEX(Calc!$C$164:$C$168,MATCH(LARGE(Calc!$I$164:$I$168,$B44),Calc!$I$164:$I$168,0)) -> 0.92105263 | F44: =INDEX(Calc!$D$164:$D$168,MATCH(LARGE(Calc!$I$164:$I$168,$B44),Calc!$I$164:$I$168,0)) -> 0.84211465 | G44: =INDEX(Calc!$E$164:$E$168,MATCH(LARGE(Calc!$I$164:$I$168,$B44),Calc!$I$164:$I$168,0)) -> 0.87096774 | I44: 1 | J44: Student Performance | K44: Pass rate | M44: =IFERROR(COUNTIFS(tblStudents[Branch],cOv_B,tblStudents[Year],cOv_Y,tblStudents[Result],"Pass")/COUNTIFS(tblStudents[Branch],cOv_B,tblStudents[Year],cOv_Y),0) -> 0.89166667 | N44: Open »
B45: 2 | C45: =INDEX(Calc!$A$164:$A$168,MATCH(LARGE(Calc!$I$164:$I$168,$B45),Calc!$I$164:$I$168,0)) -> CSE | D45: =INDEX(Calc!$H$164:$H$168,MATCH(LARGE(Calc!$I$164:$I$168,$B45),Calc!$I$164:$I$168,0)) -> 0.86225022 | E45: =INDEX(Calc!$C$164:$C$168,MATCH(LARGE(Calc!$I$164:$I$168,$B45),Calc!$I$164:$I$168,0)) -> 0.90322581 | F45: =INDEX(Calc!$D$164:$D$168,MATCH(LARGE(Calc!$I$164:$I$168,$B45),Calc!$I$164:$I$168,0)) -> 0.85425657 | G45: =INDEX(Calc!$E$164:$E$168,MATCH(LARGE(Calc!$I$164:$I$168,$B45),Calc!$I$164:$I$168,0)) -> 0.82926829 | I45: 2 | J45: Attendance | K45: Average attendance | M45: =IFERROR(AVERAGEIFS(tblAttendance[Attendance %],tblAttendance[Branch],cOv_B,tblAttendance[Year],cOv_Y),0) -> 0.8345168 | N45: Open »
B46: 3 | C46: =INDEX(Calc!$A$164:$A$168,MATCH(LARGE(Calc!$I$164:$I$168,$B46),Calc!$I$164:$I$168,0)) -> ECE | D46: =INDEX(Calc!$H$164:$H$168,MATCH(LARGE(Calc!$I$164:$I$168,$B46),Calc!$I$164:$I$168,0)) -> 0.82825864 | E46: =INDEX(Calc!$C$164:$C$168,MATCH(LARGE(Calc!$I$164:$I$168,$B46),Calc!$I$164:$I$168,0)) -> 0.90740741 | F46: =INDEX(Calc!$D$164:$D$168,MATCH(LARGE(Calc!$I$164:$I$168,$B46),Calc!$I$164:$I$168,0)) -> 0.84052639 | G46: =INDEX(Calc!$E$164:$E$168,MATCH(LARGE(Calc!$I$164:$I$168,$B46),Calc!$I$164:$I$168,0)) -> 0.73684211 | I46: 3 | J46: Faculty Performance | K46: Avg performance score | M46: =IFERROR(AVERAGEIFS(tblFaculty[Performance Score],tblFaculty[Department],cOv_B,tblFaculty[Year],cOv_Y),0) -> 76.45 | N46: Open »
B47: 4 | C47: =INDEX(Calc!$A$164:$A$168,MATCH(LARGE(Calc!$I$164:$I$168,$B47),Calc!$I$164:$I$168,0)) -> CE | D47: =INDEX(Calc!$H$164:$H$168,MATCH(LARGE(Calc!$I$164:$I$168,$B47),Calc!$I$164:$I$168,0)) -> 0.76773135 | E47: =INDEX(Calc!$C$164:$C$168,MATCH(LARGE(Calc!$I$164:$I$168,$B47),Calc!$I$164:$I$168,0)) -> 0.91891892 | F47: =INDEX(Calc!$D$164:$D$168,MATCH(LARGE(Calc!$I$164:$I$168,$B47),Calc!$I$164:$I$168,0)) -> 0.82871959 | G47: =INDEX(Calc!$E$164:$E$168,MATCH(LARGE(Calc!$I$164:$I$168,$B47),Calc!$I$164:$I$168,0)) -> 0.55555556 | I47: 4 | J47: Placement | K47: Placement rate | M47: =IFERROR(COUNTIFS(tblPlacements[Branch],cOv_B,tblPlacements[Year],cOv_Y,tblPlacements[Status],"Placed")/COUNTIFS(tblPlacements[Branch],cOv_B,tblPlacements[Year],cOv_Y),0) -> 0.76 | N47: Open »
B48: 5 | C48: =INDEX(Calc!$A$164:$A$168,MATCH(LARGE(Calc!$I$164:$I$168,$B48),Calc!$I$164:$I$168,0)) -> ME | D48: =INDEX(Calc!$H$164:$H$168,MATCH(LARGE(Calc!$I$164:$I$168,$B48),Calc!$I$164:$I$168,0)) -> 0.76651572 | E48: =INDEX(Calc!$C$164:$C$168,MATCH(LARGE(Calc!$I$164:$I$168,$B48),Calc!$I$164:$I$168,0)) -> 0.81632653 | F48: =INDEX(Calc!$D$164:$D$168,MATCH(LARGE(Calc!$I$164:$I$168,$B48),Calc!$I$164:$I$168,0)) -> 0.80140243 | G48: =INDEX(Calc!$E$164:$E$168,MATCH(LARGE(Calc!$I$164:$I$168,$B48),Calc!$I$164:$I$168,0)) -> 0.68181818 | I48: 5 | J48: Course Analytics | K48: Overall pass rate | M48: =IFERROR(SUMIFS(tblCourses[Passed],tblCourses[Branch],cOv_B,tblCourses[Year],cOv_Y)/SUMIFS(tblCourses[Enrolled],tblCourses[Branch],cOv_B,tblCourses[Year],cOv_Y),0) -> 0.89681979 | N48: Open »
B50: All figures are live formulas over the Excel Tables (tblStudents, tblAttendance, tblFaculty, tblPlacements, tblCourses). Replace the sample data and everything updates. See the Instructions sheet.

Sheet Student Dashboard
B1: Student Performance Analytics
B2: Results, grades and SGPA across branches and semesters | source: tblStudents
B3: « Overview | D3: Students | E3: Attendance | F3: Faculty | G3: Placements | I3: Courses | K3: Instructions | M3: Data »
B5: Branch | C5: All | D5: Semester | E5: All | F5: Year | G5: All | I5: Choose 'All' to clear a filter. Everything on this page recalculates instantly. Branch-comparison charts ignore the Branch filter.
B7: STUDENTS ASSESSED | E7: PASS PERCENTAGE | I7: AVERAGE SGPA (PASSED) | L7: DISTINCTION RATE
B8: =COUNTIFS(tblStudents[Branch],cSt_B,tblStudents[Semester],cSt_S,tblStudents[Year],cSt_Y) -> 240 | E8: =IFERROR(COUNTIFS(tblStudents[Branch],cSt_B,tblStudents[Semester],cSt_S,tblStudents[Year],cSt_Y,tblStudents[Result],"Pass")/COUNTIFS(tblStudents[Branch],cSt_B,tblStudents[Semester],cSt_S,tblStudents[Year],cSt_Y),0) -> 0.89166667 | I8: =IFERROR(AVERAGEIFS(tblStudents[SGPA],tblStudents[Branch],cSt_B,tblStudents[Semester],cSt_S,tblStudents[Year],cSt_Y,tblStudents[Result],"Pass"),0) -> 7.3518692 | L8: =IFERROR(COUNTIFS(tblStudents[Branch],cSt_B,tblStudents[Semester],cSt_S,tblStudents[Year],cSt_Y,tblStudents[SGPA],">="&p_Distinction)/COUNTIFS(tblStudents[Branch],cSt_B,tblStudents[Semester],cSt_S,tblStudents[Year],cSt_Y),0) -> 0.275
B10: ="Records in current selection" -> Records in current selection | E10: ="Failed: "&(COUNTIFS(tblStudents[Branch],cSt_B,tblStudents[Semester],cSt_S,tblStudents[Year],cSt_Y)-COUNTIFS(tblStudents[Branch],cSt_B,tblStudents[Semester],cSt_S,tblStudents[Year],cSt_Y,tblStudents[Result],"Pass"))&" students" -> Failed: 26 students | I10: ="Avg total marks: "&TEXT(IFERROR(AVERAGEIFS(tblStudents[Total Marks],tblStudents[Branch],cSt_B,tblStudents[Semester],cSt_S,tblStudents[Year],cSt_Y),0),"0.0")&" / 100" -> Avg total marks: 67.0 / 100 | L10: ="SGPA of "&TEXT(p_Distinction,"0.0")&" or above" -> SGPA of 8.0 or above
B42: ▲ TOP 10 STUDENTS - TOTAL MARKS | I42: ▼ BOTTOM 10 STUDENTS - TOTAL MARKS
B43: # | C43: Student | D43: Branch | E43: Sem | F43: Total | G43: SGPA | I43: # | J43: Student | K43: Branch | L43: Sem | M43: Total | N43: SGPA
B44: 1 | C44: =IFERROR(INDEX(tblStudents[Student Name],MATCH(LARGE(tblStudents[Rank Key],$B44),tblStudents[Rank Key],0)),"-") -> Deepak Siddiqui | D44: =IFERROR(INDEX(tblStudents[Branch],MATCH(LARGE(tblStudents[Rank Key],$B44),tblStudents[Rank Key],0)),"-") -> CE | E44: =IFERROR(INDEX(tblStudents[Semester],MATCH(LARGE(tblStudents[Rank Key],$B44),tblStudents[Rank Key],0)),"-") -> 3 | F44: =IFERROR(INDEX(tblStudents[Total Marks],MATCH(LARGE(tblStudents[Rank Key],$B44),tblStudents[Rank Key],0)),"-") -> 96 | G44: =IFERROR(INDEX(tblStudents[SGPA],MATCH(LARGE(tblStudents[Rank Key],$B44),tblStudents[Rank Key],0)),"-") -> 10 | I44: 1 | J44: =IFERROR(INDEX(tblStudents[Student Name],MATCH(SMALL(tblStudents[Rank Key],$I44),tblStudents[Rank Key],0)),"-") -> Ayush Shah | K44: =IFERROR(INDEX(tblStudents[Branch],MATCH(SMALL(tblStudents[Rank Key],$I44),tblStudents[Rank Key],0)),"-") -> IT | L44: =IFERROR(INDEX(tblStudents[Semester],MATCH(SMALL(tblStudents[Rank Key],$I44),tblStudents[Rank Key],0)),"-") -> 1 | M44: =IFERROR(INDEX(tblStudents[Total Marks],MATCH(SMALL(tblStudents[Rank Key],$I44),tblStudents[Rank Key],0)),"-") -> 34 | N44: =IFERROR(INDEX(tblStudents[SGPA],MATCH(SMALL(tblStudents[Rank Key],$I44),tblStudents[Rank Key],0)),"-") -> 0
B45: 2 | C45: =IFERROR(INDEX(tblStudents[Student Name],MATCH(LARGE(tblStudents[Rank Key],$B45),tblStudents[Rank Key],0)),"-") -> Gaurav Srivastava | D45: =IFERROR(INDEX(tblStudents[Branch],MATCH(LARGE(tblStudents[Rank Key],$B45),tblStudents[Rank Key],0)),"-") -> ECE | E45: =IFERROR(INDEX(tblStudents[Semester],MATCH(LARGE(tblStudents[Rank Key],$B45),tblStudents[Rank Key],0)),"-") -> 1 | F45: =IFERROR(INDEX(tblStudents[Total Marks],MATCH(LARGE(tblStudents[Rank Key],$B45),tblStudents[Rank Key],0)),"-") -> 96 | G45: =IFERROR(INDEX(tblStudents[SGPA],MATCH(LARGE(tblStudents[Rank Key],$B45),tblStudents[Rank Key],0)),"-") -> 10 | I45: 2 | J45: =IFERROR(INDEX(tblStudents[Student Name],MATCH(SMALL(tblStudents[Rank Key],$I45),tblStudents[Rank Key],0)),"-") -> Amit Malik | K45: =IFERROR(INDEX(tblStudents[Branch],MATCH(SMALL(tblStudents[Rank Key],$I45),tblStudents[Rank Key],0)),"-") -> IT | L45: =IFERROR(INDEX(tblStudents[Semester],MATCH(SMALL(tblStudents[Rank Key],$I45),tblStudents[Rank Key],0)),"-") -> 4 | M45: =IFERROR(INDEX(tblStudents[Total Marks],MATCH(SMALL(tblStudents[Rank Key],$I45),tblStudents[Rank Key],0)),"-") -> 36 | N45: =IFERROR(INDEX(tblStudents[SGPA],MATCH(SMALL(tblStudents[Rank Key],$I45),tblStudents[Rank Key],0)),"-") -> 0
B46: 3 | C46: =IFERROR(INDEX(tblStudents[Student Name],MATCH(LARGE(tblStudents[Rank Key],$B46),tblStudents[Rank Key],0)),"-") -> Ankit Kapoor | D46: =IFERROR(INDEX(tblStudents[Branch],MATCH(LARGE(tblStudents[Rank Key],$B46),tblStudents[Rank Key],0)),"-") -> CSE | E46: =IFERROR(INDEX(tblStudents[Semester],MATCH(LARGE(tblStudents[Rank Key],$B46),tblStudents[Rank Key],0)),"-") -> 5 | F46: =IFERROR(INDEX(tblStudents[Total Marks],MATCH(LARGE(tblStudents[Rank Key],$B46),tblStudents[Rank Key],0)),"-") -> 96 | G46: =IFERROR(INDEX(tblStudents[SGPA],MATCH(LARGE(tblStudents[Rank Key],$B46),tblStudents[Rank Key],0)),"-") -> 10 | I46: 3 | J46: =IFERROR(INDEX(tblStudents[Student Name],MATCH(SMALL(tblStudents[Rank Key],$I46),tblStudents[Rank Key],0)),"-") -> Diya Rawat | K46: =IFERROR(INDEX(tblStudents[Branch],MATCH(SMALL(tblStudents[Rank Key],$I46),tblStudents[Rank Key],0)),"-") -> ME | L46: =IFERROR(INDEX(tblStudents[Semester],MATCH(SMALL(tblStudents[Rank Key],$I46),tblStudents[Rank Key],0)),"-") -> 3 | M46: =IFERROR(INDEX(tblStudents[Total Marks],MATCH(SMALL(tblStudents[Rank Key],$I46),tblStudents[Rank Key],0)),"-") -> 38 | N46: =IFERROR(INDEX(tblStudents[SGPA],MATCH(SMALL(tblStudents[Rank Key],$I46),tblStudents[Rank Key],0)),"-") -> 0
B47: 4 | C47: =IFERROR(INDEX(tblStudents[Student Name],MATCH(LARGE(tblStudents[Rank Key],$B47),tblStudents[Rank Key],0)),"-") -> Rahul Kumar | D47: =IFERROR(INDEX(tblStudents[Branch],MATCH(LARGE(tblStudents[Rank Key],$B47),tblStudents[Rank Key],0)),"-") -> IT | E47: =IFERROR(INDEX(tblStudents[Semester],MATCH(LARGE(tblStudents[Rank Key],$B47),tblStudents[Rank Key],0)),"-") -> 7 | F47: =IFERROR(INDEX(tblStudents[Total Marks],MATCH(LARGE(tblStudents[Rank Key],$B47),tblStudents[Rank Key],0)),"-") -> 95 | G47: =IFERROR(INDEX(tblStudents[SGPA],MATCH(LARGE(tblStudents[Rank Key],$B47),tblStudents[Rank Key],0)),"-") -> 10 | I47: 4 | J47: =IFERROR(INDEX(tblStudents[Student Name],MATCH(SMALL(tblStudents[Rank Key],$I47),tblStudents[Rank Key],0)),"-") -> Devansh Singh | K47: =IFERROR(INDEX(tblStudents[Branch],MATCH(SMALL(tblStudents[Rank Key],$I47),tblStudents[Rank Key],0)),"-") -> ME | L47: =IFERROR(INDEX(tblStudents[Semester],MATCH(SMALL(tblStudents[Rank Key],$I47),tblStudents[Rank Key],0)),"-") -> 4 | M47: =IFERROR(INDEX(tblStudents[Total Marks],MATCH(SMALL(tblStudents[Rank Key],$I47),tblStudents[Rank Key],0)),"-") -> 38 | N47: =IFERROR(INDEX(tblStudents[SGPA],MATCH(SMALL(tblStudents[Rank Key],$I47),tblStudents[Rank Key],0)),"-") -> 0
B48: 5 | C48: =IFERROR(INDEX(tblStudents[Student Name],MATCH(LARGE(tblStudents[Rank Key],$B48),tblStudents[Rank Key],0)),"-") -> Aarushi Iyer | D48: =IFERROR(INDEX(tblStudents[Branch],MATCH(LARGE(tblStudents[Rank Key],$B48),tblStudents[Rank Key],0)),"-") -> ECE | E48: =IFERROR(INDEX(tblStudents[Semester],MATCH(LARGE(tblStudents[Rank Key],$B48),tblStudents[Rank Key],0)),"-") -> 3 | F48: =IFERROR(INDEX(tblStudents[Total Marks],MATCH(LARGE(tblStudents[Rank Key],$B48),tblStudents[Rank Key],0)),"-") -> 94 | G48: =IFERROR(INDEX(tblStudents[SGPA],MATCH(LARGE(tblStudents[Rank Key],$B48),tblStudents[Rank Key],0)),"-") -> 9.89 | I48: 5 | J48: =IFERROR(INDEX(tblStudents[Student Name],MATCH(SMALL(tblStudents[Rank Key],$I48),tblStudents[Rank Key],0)),"-") -> Tanvi Rastogi | K48: =IFERROR(INDEX(tblStudents[Branch],MATCH(SMALL(tblStudents[Rank Key],$I48),tblStudents[Rank Key],0)),"-") -> CE | L48: =IFERROR(INDEX(tblStudents[Semester],MATCH(SMALL(tblStudents[Rank Key],$I48),tblStudents[Rank Key],0)),"-") -> 7 | M48: =IFERROR(INDEX(tblStudents[Total Marks],MATCH(SMALL(tblStudents[Rank Key],$I48),tblStudents[Rank Key],0)),"-") -> 38 | N48: =IFERROR(INDEX(tblStudents[SGPA],MATCH(SMALL(tblStudents[Rank Key],$I48),tblStudents[Rank Key],0)),"-") -> 0
B49: 6 | C49: =IFERROR(INDEX(tblStudents[Student Name],MATCH(LARGE(tblStudents[Rank Key],$B49),tblStudents[Rank Key],0)),"-") -> Sneha Bansal | D49: =IFERROR(INDEX(tblStudents[Branch],MATCH(LARGE(tblStudents[Rank Key],$B49),tblStudents[Rank Key],0)),"-") -> CE | E49: =IFERROR(INDEX(tblStudents[Semester],MATCH(LARGE(tblStudents[Rank Key],$B49),tblStudents[Rank Key],0)),"-") -> 4 | F49: =IFERROR(INDEX(tblStudents[Total Marks],MATCH(LARGE(tblStudents[Rank Key],$B49),tblStudents[Rank Key],0)),"-") -> 94 | G49: =IFERROR(INDEX(tblStudents[SGPA],MATCH(LARGE(tblStudents[Rank Key],$B49),tblStudents[Rank Key],0)),"-") -> 9.89 | I49: 6 | J49: =IFERROR(INDEX(tblStudents[Student Name],MATCH(SMALL(tblStudents[Rank Key],$I49),tblStudents[Rank Key],0)),"-") -> Rohan Siddiqui | K49: =IFERROR(INDEX(tblStudents[Branch],MATCH(SMALL(tblStudents[Rank Key],$I49),tblStudents[Rank Key],0)),"-") -> ME | L49: =IFERROR(INDEX(tblStudents[Semester],MATCH(SMALL(tblStudents[Rank Key],$I49),tblStudents[Rank Key],0)),"-") -> 1 | M49: =IFERROR(INDEX(tblStudents[Total Marks],MATCH(SMALL(tblStudents[Rank Key],$I49),tblStudents[Rank Key],0)),"-") -> 38 | N49: =IFERROR(INDEX(tblStudents[SGPA],MATCH(SMALL(tblStudents[Rank Key],$I49),tblStudents[Rank Key],0)),"-") -> 0
B50: 7 | C50: =IFERROR(INDEX(tblStudents[Student Name],MATCH(LARGE(tblStudents[Rank Key],$B50),tblStudents[Rank Key],0)),"-") -> Rahul Verma | D50: =IFERROR(INDEX(tblStudents[Branch],MATCH(LARGE(tblStudents[Rank Key],$B50),tblStudents[Rank Key],0)),"-") -> ECE | E50: =IFERROR(INDEX(tblStudents[Semester],MATCH(LARGE(tblStudents[Rank Key],$B50),tblStudents[Rank Key],0)),"-") -> 7 | F50: =IFERROR(INDEX(tblStudents[Total Marks],MATCH(LARGE(tblStudents[Rank Key],$B50),tblStudents[Rank Key],0)),"-") -> 94 | G50: =IFERROR(INDEX(tblStudents[SGPA],MATCH(LARGE(tblStudents[Rank Key],$B50),tblStudents[Rank Key],0)),"-") -> 9.89 | I50: 7 | J50: =IFERROR(INDEX(tblStudents[Student Name],MATCH(SMALL(tblStudents[Rank Key],$I50),tblStudents[Rank Key],0)),"-") -> Kartik Singh | K50: =IFERROR(INDEX(tblStudents[Branch],MATCH(SMALL(tblStudents[Rank Key],$I50),tblStudents[Rank Key],0)),"-") -> CE | L50: =IFERROR(INDEX(tblStudents[Semester],MATCH(SMALL(tblStudents[Rank Key],$I50),tblStudents[Rank Key],0)),"-") -> 6 | M50: =IFERROR(INDEX(tblStudents[Total Marks],MATCH(SMALL(tblStudents[Rank Key],$I50),tblStudents[Rank Key],0)),"-") -> 39 | N50: =IFERROR(INDEX(tblStudents[SGPA],MATCH(SMALL(tblStudents[Rank Key],$I50),tblStudents[Rank Key],0)),"-") -> 0
B51: 8 | C51: =IFERROR(INDEX(tblStudents[Student Name],MATCH(LARGE(tblStudents[Rank Key],$B51),tblStudents[Rank Key],0)),"-") -> Garima Kumar | D51: =IFERROR(INDEX(tblStudents[Branch],MATCH(LARGE(tblStudents[Rank Key],$B51),tblStudents[Rank Key],0)),"-") -> IT | E51: =IFERROR(INDEX(tblStudents[Semester],MATCH(LARGE(tblStudents[Rank Key],$B51),tblStudents[Rank Key],0)),"-") -> 1 | F51: =IFERROR(INDEX(tblStudents[Total Marks],MATCH(LARGE(tblStudents[Rank Key],$B51),tblStudents[Rank Key],0)),"-") -> 93 | G51: =IFERROR(INDEX(tblStudents[SGPA],MATCH(LARGE(tblStudents[Rank Key],$B51),tblStudents[Rank Key],0)),"-") -> 9.79 | I51: 8 | J51: =IFERROR(INDEX(tblStudents[Student Name],MATCH(SMALL(tblStudents[Rank Key],$I51),tblStudents[Rank Key],0)),"-") -> Vaishnavi Ansari | K51: =IFERROR(INDEX(tblStudents[Branch],MATCH(SMALL(tblStudents[Rank Key],$I51),tblStudents[Rank Key],0)),"-") -> IT | L51: =IFERROR(INDEX(tblStudents[Semester],MATCH(SMALL(tblStudents[Rank Key],$I51),tblStudents[Rank Key],0)),"-") -> 6 | M51: =IFERROR(INDEX(tblStudents[Total Marks],MATCH(SMALL(tblStudents[Rank Key],$I51),tblStudents[Rank Key],0)),"-") -> 40 | N51: =IFERROR(INDEX(tblStudents[SGPA],MATCH(SMALL(tblStudents[Rank Key],$I51),tblStudents[Rank Key],0)),"-") -> 0
B52: 9 | C52: =IFERROR(INDEX(tblStudents[Student Name],MATCH(LARGE(tblStudents[Rank Key],$B52),tblStudents[Rank Key],0)),"-") -> Rajat Gupta | D52: =IFERROR(INDEX(tblStudents[Branch],MATCH(LARGE(tblStudents[Rank Key],$B52),tblStudents[Rank Key],0)),"-") -> CE | E52: =IFERROR(INDEX(tblStudents[Semester],MATCH(LARGE(tblStudents[Rank Key],$B52),tblStudents[Rank Key],0)),"-") -> 5 | F52: =IFERROR(INDEX(tblStudents[Total Marks],MATCH(LARGE(tblStudents[Rank Key],$B52),tblStudents[Rank Key],0)),"-") -> 93 | G52: =IFERROR(INDEX(tblStudents[SGPA],MATCH(LARGE(tblStudents[Rank Key],$B52),tblStudents[Rank Key],0)),"-") -> 9.79 | I52: 9 | J52: =IFERROR(INDEX(tblStudents[Student Name],MATCH(SMALL(tblStudents[Rank Key],$I52),tblStudents[Rank Key],0)),"-") -> Saurabh Dubey | K52: =IFERROR(INDEX(tblStudents[Branch],MATCH(SMALL(tblStudents[Rank Key],$I52),tblStudents[Rank Key],0)),"-") -> ME | L52: =IFERROR(INDEX(tblStudents[Semester],MATCH(SMALL(tblStudents[Rank Key],$I52),tblStudents[Rank Key],0)),"-") -> 2 | M52: =IFERROR(INDEX(tblStudents[Total Marks],MATCH(SMALL(tblStudents[Rank Key],$I52),tblStudents[Rank Key],0)),"-") -> 41 | N52: =IFERROR(INDEX(tblStudents[SGPA],MATCH(SMALL(tblStudents[Rank Key],$I52),tblStudents[Rank Key],0)),"-") -> 0
B53: 10 | C53: =IFERROR(INDEX(tblStudents[Student Name],MATCH(LARGE(tblStudents[Rank Key],$B53),tblStudents[Rank Key],0)),"-") -> Kartik Rastogi | D53: =IFERROR(INDEX(tblStudents[Branch],MATCH(LARGE(tblStudents[Rank Key],$B53),tblStudents[Rank Key],0)),"-") -> CSE | E53: =IFERROR(INDEX(tblStudents[Semester],MATCH(LARGE(tblStudents[Rank Key],$B53),tblStudents[Rank Key],0)),"-") -> 1 | F53: =IFERROR(INDEX(tblStudents[Total Marks],MATCH(LARGE(tblStudents[Rank Key],$B53),tblStudents[Rank Key],0)),"-") -> 92 | G53: =IFERROR(INDEX(tblStudents[SGPA],MATCH(LARGE(tblStudents[Rank Key],$B53),tblStudents[Rank Key],0)),"-") -> 9.68 | I53: 10 | J53: =IFERROR(INDEX(tblStudents[Student Name],MATCH(SMALL(tblStudents[Rank Key],$I53),tblStudents[Rank Key],0)),"-") -> Karan Iyer | K53: =IFERROR(INDEX(tblStudents[Branch],MATCH(SMALL(tblStudents[Rank Key],$I53),tblStudents[Rank Key],0)),"-") -> ECE | L53: =IFERROR(INDEX(tblStudents[Semester],MATCH(SMALL(tblStudents[Rank Key],$I53),tblStudents[Rank Key],0)),"-") -> 6 | M53: =IFERROR(INDEX(tblStudents[Total Marks],MATCH(SMALL(tblStudents[Rank Key],$I53),tblStudents[Rank Key],0)),"-") -> 41 | N53: =IFERROR(INDEX(tblStudents[SGPA],MATCH(SMALL(tblStudents[Rank Key],$I53),tblStudents[Rank Key],0)),"-") -> 0
B55: Pass = total ≥ 40 and external ≥ 24 (see Lists). SGPA = total marks ÷ 9.5, capped at 10 (passed students). Ranks respect the active filters.

Sheet Attendance Dashboard
B1: Attendance Analytics
B2: Attendance rates, eligibility shortages and links to marks | source: tblAttendance
B3: « Overview | D3: Students | E3: Attendance | F3: Faculty | G3: Placements | I3: Courses | K3: Instructions | M3: Data »
B5: Branch | C5: All | D5: Semester | E5: All | F5: Year | G5: All | I5: Choose 'All' to clear a filter. Red = below the minimum attendance threshold (75% by default, editable on Lists).
B7: STUDENTS TRACKED | E7: AVERAGE ATTENDANCE | I7: BELOW 75% (SHORTAGE) | L7: EXCELLENT (90%+)
B8: =COUNTIFS(tblAttendance[Branch],cAt_B,tblAttendance[Semester],cAt_S,tblAttendance[Year],cAt_Y) -> 240 | E8: =IFERROR(AVERAGEIFS(tblAttendance[Attendance %],tblAttendance[Branch],cAt_B,tblAttendance[Semester],cAt_S,tblAttendance[Year],cAt_Y),0) -> 0.8345168 | I8: =COUNTIFS(tblAttendance[Branch],cAt_B,tblAttendance[Semester],cAt_S,tblAttendance[Year],cAt_Y,tblAttendance[Attendance %],"<"&p_AttMin) -> 42 | L8: =COUNTIFS(tblAttendance[Branch],cAt_B,tblAttendance[Semester],cAt_S,tblAttendance[Year],cAt_Y,tblAttendance[Attendance %],">="&p_AttExc) -> 64
B10: ="Records in current selection" -> Records in current selection | E10: ="Minimum required: "&TEXT(p_AttMin,"0%") -> Minimum required: 75% | I10: =TEXT(IFERROR(COUNTIFS(tblAttendance[Branch],cAt_B,tblAttendance[Semester],cAt_S,tblAttendance[Year],cAt_Y,tblAttendance[Attendance %],"<"&p_AttMin)/COUNTIFS(tblAttendance[Branch],cAt_B,tblAttendance[Semester],cAt_S,tblAttendance[Year],cAt_Y),0),"0.0%")&" of students at risk" -> 17.5% of students at risk | L10: =TEXT(IFERROR(COUNTIFS(tblAttendance[Branch],cAt_B,tblAttendance[Semester],cAt_S,tblAttendance[Year],cAt_Y,tblAttendance[Attendance %],">="&p_AttExc)/COUNTIFS(tblAttendance[Branch],cAt_B,tblAttendance[Semester],cAt_S,tblAttendance[Year],cAt_Y),0),"0.0%")&" of students" -> 26.7% of students
B42: ▲ TOP 10 - HIGHEST ATTENDANCE | I42: ▼ BOTTOM 10 - LOWEST ATTENDANCE (AT RISK)
B43: # | C43: Student | D43: Branch | E43: Sem | F43: Attend. | G43: Status | I43: # | J43: Student | K43: Branch | L43: Sem | M43: Attend. | N43: Status
B44: 1 | C44: =IFERROR(INDEX(tblAttendance[Student Name],MATCH(LARGE(tblAttendance[Rank Key],$B44),tblAttendance[Rank Key],0)),"-") -> Parth Chauhan | D44: =IFERROR(INDEX(tblAttendance[Branch],MATCH(LARGE(tblAttendance[Rank Key],$B44),tblAttendance[Rank Key],0)),"-") -> CSE | E44: =IFERROR(INDEX(tblAttendance[Semester],MATCH(LARGE(tblAttendance[Rank Key],$B44),tblAttendance[Rank Key],0)),"-") -> 3 | F44: =IFERROR(INDEX(tblAttendance[Attendance %],MATCH(LARGE(tblAttendance[Rank Key],$B44),tblAttendance[Rank Key],0)),"-") -> 0.98947368 | G44: =IFERROR(INDEX(tblAttendance[Status],MATCH(LARGE(tblAttendance[Rank Key],$B44),tblAttendance[Rank Key],0)),"-") -> Excellent | I44: 1 | J44: =IFERROR(INDEX(tblAttendance[Student Name],MATCH(SMALL(tblAttendance[Rank Key],$I44),tblAttendance[Rank Key],0)),"-") -> Devansh Singh | K44: =IFERROR(INDEX(tblAttendance[Branch],MATCH(SMALL(tblAttendance[Rank Key],$I44),tblAttendance[Rank Key],0)),"-") -> ME | L44: =IFERROR(INDEX(tblAttendance[Semester],MATCH(SMALL(tblAttendance[Rank Key],$I44),tblAttendance[Rank Key],0)),"-") -> 4 | M44: =IFERROR(INDEX(tblAttendance[Attendance %],MATCH(SMALL(tblAttendance[Rank Key],$I44),tblAttendance[Rank Key],0)),"-") -> 0.60818713 | N44: =IFERROR(INDEX(tblAttendance[Status],MATCH(SMALL(tblAttendance[Rank Key],$I44),tblAttendance[Rank Key],0)),"-") -> Shortage
B45: 2 | C45: =IFERROR(INDEX(tblAttendance[Student Name],MATCH(LARGE(tblAttendance[Rank Key],$B45),tblAttendance[Rank Key],0)),"-") -> Jhanvi Kumar | D45: =IFERROR(INDEX(tblAttendance[Branch],MATCH(LARGE(tblAttendance[Rank Key],$B45),tblAttendance[Rank Key],0)),"-") -> ECE | E45: =IFERROR(INDEX(tblAttendance[Semester],MATCH(LARGE(tblAttendance[Rank Key],$B45),tblAttendance[Rank Key],0)),"-") -> 8 | F45: =IFERROR(INDEX(tblAttendance[Attendance %],MATCH(LARGE(tblAttendance[Rank Key],$B45),tblAttendance[Rank Key],0)),"-") -> 0.98941799 | G45: =IFERROR(INDEX(tblAttendance[Status],MATCH(LARGE(tblAttendance[Rank Key],$B45),tblAttendance[Rank Key],0)),"-") -> Excellent | I45: 2 | J45: =IFERROR(INDEX(tblAttendance[Student Name],MATCH(SMALL(tblAttendance[Rank Key],$I45),tblAttendance[Rank Key],0)),"-") -> Mohit Srivastava | K45: =IFERROR(INDEX(tblAttendance[Branch],MATCH(SMALL(tblAttendance[Rank Key],$I45),tblAttendance[Rank Key],0)),"-") -> CSE | L45: =IFERROR(INDEX(tblAttendance[Semester],MATCH(SMALL(tblAttendance[Rank Key],$I45),tblAttendance[Rank Key],0)),"-") -> 8 | M45: =IFERROR(INDEX(tblAttendance[Attendance %],MATCH(SMALL(tblAttendance[Rank Key],$I45),tblAttendance[Rank Key],0)),"-") -> 0.61490683 | N45: =IFERROR(INDEX(tblAttendance[Status],MATCH(SMALL(tblAttendance[Rank Key],$I45),tblAttendance[Rank Key],0)),"-") -> Shortage
B46: 3 | C46: =IFERROR(INDEX(tblAttendance[Student Name],MATCH(LARGE(tblAttendance[Rank Key],$B46),tblAttendance[Rank Key],0)),"-") -> Pallavi Srivastava | D46: =IFERROR(INDEX(tblAttendance[Branch],MATCH(LARGE(tblAttendance[Rank Key],$B46),tblAttendance[Rank Key],0)),"-") -> ECE | E46: =IFERROR(INDEX(tblAttendance[Semester],MATCH(LARGE(tblAttendance[Rank Key],$B46),tblAttendance[Rank Key],0)),"-") -> 6 | F46: =IFERROR(INDEX(tblAttendance[Attendance %],MATCH(LARGE(tblAttendance[Rank Key],$B46),tblAttendance[Rank Key],0)),"-") -> 0.98895028 | G46: =IFERROR(INDEX(tblAttendance[Status],MATCH(LARGE(tblAttendance[Rank Key],$B46),tblAttendance[Rank Key],0)),"-") -> Excellent | I46: 3 | J46: =IFERROR(INDEX(tblAttendance[Student Name],MATCH(SMALL(tblAttendance[Rank Key],$I46),tblAttendance[Rank Key],0)),"-") -> Kartik Singh | K46: =IFERROR(INDEX(tblAttendance[Branch],MATCH(SMALL(tblAttendance[Rank Key],$I46),tblAttendance[Rank Key],0)),"-") -> CE | L46: =IFERROR(INDEX(tblAttendance[Semester],MATCH(SMALL(tblAttendance[Rank Key],$I46),tblAttendance[Rank Key],0)),"-") -> 6 | M46: =IFERROR(INDEX(tblAttendance[Attendance %],MATCH(SMALL(tblAttendance[Rank Key],$I46),tblAttendance[Rank Key],0)),"-") -> 0.62857143 | N46: =IFERROR(INDEX(tblAttendance[Status],MATCH(SMALL(tblAttendance[Rank Key],$I46),tblAttendance[Rank Key],0)),"-") -> Shortage
B47: 4 | C47: =IFERROR(INDEX(tblAttendance[Student Name],MATCH(LARGE(tblAttendance[Rank Key],$B47),tblAttendance[Rank Key],0)),"-") -> Garima Kumar | D47: =IFERROR(INDEX(tblAttendance[Branch],MATCH(LARGE(tblAttendance[Rank Key],$B47),tblAttendance[Rank Key],0)),"-") -> IT | E47: =IFERROR(INDEX(tblAttendance[Semester],MATCH(LARGE(tblAttendance[Rank Key],$B47),tblAttendance[Rank Key],0)),"-") -> 1 | F47: =IFERROR(INDEX(tblAttendance[Attendance %],MATCH(LARGE(tblAttendance[Rank Key],$B47),tblAttendance[Rank Key],0)),"-") -> 0.98843931 | G47: =IFERROR(INDEX(tblAttendance[Status],MATCH(LARGE(tblAttendance[Rank Key],$B47),tblAttendance[Rank Key],0)),"-") -> Excellent | I47: 4 | J47: =IFERROR(INDEX(tblAttendance[Student Name],MATCH(SMALL(tblAttendance[Rank Key],$I47),tblAttendance[Rank Key],0)),"-") -> Aditi Agarwal | K47: =IFERROR(INDEX(tblAttendance[Branch],MATCH(SMALL(tblAttendance[Rank Key],$I47),tblAttendance[Rank Key],0)),"-") -> ME | L47: =IFERROR(INDEX(tblAttendance[Semester],MATCH(SMALL(tblAttendance[Rank Key],$I47),tblAttendance[Rank Key],0)),"-") -> 4 | M47: =IFERROR(INDEX(tblAttendance[Attendance %],MATCH(SMALL(tblAttendance[Rank Key],$I47),tblAttendance[Rank Key],0)),"-") -> 0.63529412 | N47: =IFERROR(INDEX(tblAttendance[Status],MATCH(SMALL(tblAttendance[Rank Key],$I47),tblAttendance[Rank Key],0)),"-") -> Shortage
B48: 5 | C48: =IFERROR(INDEX(tblAttendance[Student Name],MATCH(LARGE(tblAttendance[Rank Key],$B48),tblAttendance[Rank Key],0)),"-") -> Vivaan Shah | D48: =IFERROR(INDEX(tblAttendance[Branch],MATCH(LARGE(tblAttendance[Rank Key],$B48),tblAttendance[Rank Key],0)),"-") -> ME | E48: =IFERROR(INDEX(tblAttendance[Semester],MATCH(LARGE(tblAttendance[Rank Key],$B48),tblAttendance[Rank Key],0)),"-") -> 6 | F48: =IFERROR(INDEX(tblAttendance[Attendance %],MATCH(LARGE(tblAttendance[Rank Key],$B48),tblAttendance[Rank Key],0)),"-") -> 0.98823529 | G48: =IFERROR(INDEX(tblAttendance[Status],MATCH(LARGE(tblAttendance[Rank Key],$B48),tblAttendance[Rank Key],0)),"-") -> Excellent | I48: 5 | J48: =IFERROR(INDEX(tblAttendance[Student Name],MATCH(SMALL(tblAttendance[Rank Key],$I48),tblAttendance[Rank Key],0)),"-") -> Vaishnavi Ansari | K48: =IFERROR(INDEX(tblAttendance[Branch],MATCH(SMALL(tblAttendance[Rank Key],$I48),tblAttendance[Rank Key],0)),"-") -> IT | L48: =IFERROR(INDEX(tblAttendance[Semester],MATCH(SMALL(tblAttendance[Rank Key],$I48),tblAttendance[Rank Key],0)),"-") -> 6 | M48: =IFERROR(INDEX(tblAttendance[Attendance %],MATCH(SMALL(tblAttendance[Rank Key],$I48),tblAttendance[Rank Key],0)),"-") -> 0.64210526 | N48: =IFERROR(INDEX(tblAttendance[Status],MATCH(SMALL(tblAttendance[Rank Key],$I48),tblAttendance[Rank Key],0)),"-") -> Shortage
B49: 6 | C49: =IFERROR(INDEX(tblAttendance[Student Name],MATCH(LARGE(tblAttendance[Rank Key],$B49),tblAttendance[Rank Key],0)),"-") -> Devansh Jain | D49: =IFERROR(INDEX(tblAttendance[Branch],MATCH(LARGE(tblAttendance[Rank Key],$B49),tblAttendance[Rank Key],0)),"-") -> ECE | E49: =IFERROR(INDEX(tblAttendance[Semester],MATCH(LARGE(tblAttendance[Rank Key],$B49),tblAttendance[Rank Key],0)),"-") -> 5 | F49: =IFERROR(INDEX(tblAttendance[Attendance %],MATCH(LARGE(tblAttendance[Rank Key],$B49),tblAttendance[Rank Key],0)),"-") -> 0.98809524 | G49: =IFERROR(INDEX(tblAttendance[Status],MATCH(LARGE(tblAttendance[Rank Key],$B49),tblAttendance[Rank Key],0)),"-") -> Excellent | I49: 6 | J49: =IFERROR(INDEX(tblAttendance[Student Name],MATCH(SMALL(tblAttendance[Rank Key],$I49),tblAttendance[Rank Key],0)),"-") -> Varun Iyer | K49: =IFERROR(INDEX(tblAttendance[Branch],MATCH(SMALL(tblAttendance[Rank Key],$I49),tblAttendance[Rank Key],0)),"-") -> CE | L49: =IFERROR(INDEX(tblAttendance[Semester],MATCH(SMALL(tblAttendance[Rank Key],$I49),tblAttendance[Rank Key],0)),"-") -> 3 | M49: =IFERROR(INDEX(tblAttendance[Attendance %],MATCH(SMALL(tblAttendance[Rank Key],$I49),tblAttendance[Rank Key],0)),"-") -> 0.65359477 | N49: =IFERROR(INDEX(tblAttendance[Status],MATCH(SMALL(tblAttendance[Rank Key],$I49),tblAttendance[Rank Key],0)),"-") -> Shortage
B50: 7 | C50: =IFERROR(INDEX(tblAttendance[Student Name],MATCH(LARGE(tblAttendance[Rank Key],$B50),tblAttendance[Rank Key],0)),"-") -> Jhanvi Ansari | D50: =IFERROR(INDEX(tblAttendance[Branch],MATCH(LARGE(tblAttendance[Rank Key],$B50),tblAttendance[Rank Key],0)),"-") -> CSE | E50: =IFERROR(INDEX(tblAttendance[Semester],MATCH(LARGE(tblAttendance[Rank Key],$B50),tblAttendance[Rank Key],0)),"-") -> 6 | F50: =IFERROR(INDEX(tblAttendance[Attendance %],MATCH(LARGE(tblAttendance[Rank Key],$B50),tblAttendance[Rank Key],0)),"-") -> 0.9875 | G50: =IFERROR(INDEX(tblAttendance[Status],MATCH(LARGE(tblAttendance[Rank Key],$B50),tblAttendance[Rank Key],0)),"-") -> Excellent | I50: 7 | J50: =IFERROR(INDEX(tblAttendance[Student Name],MATCH(SMALL(tblAttendance[Rank Key],$I50),tblAttendance[Rank Key],0)),"-") -> Srishti Garg | K50: =IFERROR(INDEX(tblAttendance[Branch],MATCH(SMALL(tblAttendance[Rank Key],$I50),tblAttendance[Rank Key],0)),"-") -> ECE | L50: =IFERROR(INDEX(tblAttendance[Semester],MATCH(SMALL(tblAttendance[Rank Key],$I50),tblAttendance[Rank Key],0)),"-") -> 5 | M50: =IFERROR(INDEX(tblAttendance[Attendance %],MATCH(SMALL(tblAttendance[Rank Key],$I50),tblAttendance[Rank Key],0)),"-") -> 0.67955801 | N50: =IFERROR(INDEX(tblAttendance[Status],MATCH(SMALL(tblAttendance[Rank Key],$I50),tblAttendance[Rank Key],0)),"-") -> Shortage
B51: 8 | C51: =IFERROR(INDEX(tblAttendance[Student Name],MATCH(LARGE(tblAttendance[Rank Key],$B51),tblAttendance[Rank Key],0)),"-") -> Tanya Bhatt | D51: =IFERROR(INDEX(tblAttendance[Branch],MATCH(LARGE(tblAttendance[Rank Key],$B51),tblAttendance[Rank Key],0)),"-") -> CSE | E51: =IFERROR(INDEX(tblAttendance[Semester],MATCH(LARGE(tblAttendance[Rank Key],$B51),tblAttendance[Rank Key],0)),"-") -> 7 | F51: =IFERROR(INDEX(tblAttendance[Attendance %],MATCH(LARGE(tblAttendance[Rank Key],$B51),tblAttendance[Rank Key],0)),"-") -> 0.98734177 | G51: =IFERROR(INDEX(tblAttendance[Status],MATCH(LARGE(tblAttendance[Rank Key],$B51),tblAttendance[Rank Key],0)),"-") -> Excellent | I51: 8 | J51: =IFERROR(INDEX(tblAttendance[Student Name],MATCH(SMALL(tblAttendance[Rank Key],$I51),tblAttendance[Rank Key],0)),"-") -> Mayank Agarwal | K51: =IFERROR(INDEX(tblAttendance[Branch],MATCH(SMALL(tblAttendance[Rank Key],$I51),tblAttendance[Rank Key],0)),"-") -> CE | L51: =IFERROR(INDEX(tblAttendance[Semester],MATCH(SMALL(tblAttendance[Rank Key],$I51),tblAttendance[Rank Key],0)),"-") -> 6 | M51: =IFERROR(INDEX(tblAttendance[Attendance %],MATCH(SMALL(tblAttendance[Rank Key],$I51),tblAttendance[Rank Key],0)),"-") -> 0.68589744 | N51: =IFERROR(INDEX(tblAttendance[Status],MATCH(SMALL(tblAttendance[Rank Key],$I51),tblAttendance[Rank Key],0)),"-") -> Shortage
B52: 9 | C52: =IFERROR(INDEX(tblAttendance[Student Name],MATCH(LARGE(tblAttendance[Rank Key],$B52),tblAttendance[Rank Key],0)),"-") -> Yash Banerjee | D52: =IFERROR(INDEX(tblAttendance[Branch],MATCH(LARGE(tblAttendance[Rank Key],$B52),tblAttendance[Rank Key],0)),"-") -> ME | E52: =IFERROR(INDEX(tblAttendance[Semester],MATCH(LARGE(tblAttendance[Rank Key],$B52),tblAttendance[Rank Key],0)),"-") -> 3 | F52: =IFERROR(INDEX(tblAttendance[Attendance %],MATCH(LARGE(tblAttendance[Rank Key],$B52),tblAttendance[Rank Key],0)),"-") -> 0.98709677 | G52: =IFERROR(INDEX(tblAttendance[Status],MATCH(LARGE(tblAttendance[Rank Key],$B52),tblAttendance[Rank Key],0)),"-") -> Excellent | I52: 9 | J52: =IFERROR(INDEX(tblAttendance[Student Name],MATCH(SMALL(tblAttendance[Rank Key],$I52),tblAttendance[Rank Key],0)),"-") -> Deepak Khan | K52: =IFERROR(INDEX(tblAttendance[Branch],MATCH(SMALL(tblAttendance[Rank Key],$I52),tblAttendance[Rank Key],0)),"-") -> ME | L52: =IFERROR(INDEX(tblAttendance[Semester],MATCH(SMALL(tblAttendance[Rank Key],$I52),tblAttendance[Rank Key],0)),"-") -> 7 | M52: =IFERROR(INDEX(tblAttendance[Attendance %],MATCH(SMALL(tblAttendance[Rank Key],$I52),tblAttendance[Rank Key],0)),"-") -> 0.68639053 | N52: =IFERROR(INDEX(tblAttendance[Status],MATCH(SMALL(tblAttendance[Rank Key],$I52),tblAttendance[Rank Key],0)),"-") -> Shortage
B53: 10 | C53: =IFERROR(INDEX(tblAttendance[Student Name],MATCH(LARGE(tblAttendance[Rank Key],$B53),tblAttendance[Rank Key],0)),"-") -> Rajat Tiwari | D53: =IFERROR(INDEX(tblAttendance[Branch],MATCH(LARGE(tblAttendance[Rank Key],$B53),tblAttendance[Rank Key],0)),"-") -> IT | E53: =IFERROR(INDEX(tblAttendance[Semester],MATCH(LARGE(tblAttendance[Rank Key],$B53),tblAttendance[Rank Key],0)),"-") -> 3 | F53: =IFERROR(INDEX(tblAttendance[Attendance %],MATCH(LARGE(tblAttendance[Rank Key],$B53),tblAttendance[Rank Key],0)),"-") -> 0.98684211 | G53: =IFERROR(INDEX(tblAttendance[Status],MATCH(LARGE(tblAttendance[Rank Key],$B53),tblAttendance[Rank Key],0)),"-") -> Excellent | I53: 10 | J53: =IFERROR(INDEX(tblAttendance[Student Name],MATCH(SMALL(tblAttendance[Rank Key],$I53),tblAttendance[Rank Key],0)),"-") -> Radhika Kumar | K53: =IFERROR(INDEX(tblAttendance[Branch],MATCH(SMALL(tblAttendance[Rank Key],$I53),tblAttendance[Rank Key],0)),"-") -> IT | L53: =IFERROR(INDEX(tblAttendance[Semester],MATCH(SMALL(tblAttendance[Rank Key],$I53),tblAttendance[Rank Key],0)),"-") -> 7 | M53: =IFERROR(INDEX(tblAttendance[Attendance %],MATCH(SMALL(tblAttendance[Rank Key],$I53),tblAttendance[Rank Key],0)),"-") -> 0.68674699 | N53: =IFERROR(INDEX(tblAttendance[Status],MATCH(SMALL(tblAttendance[Rank Key],$I53),tblAttendance[Rank Key],0)),"-") -> Shortage
B55: Status: Excellent ≥ 90%, Good ≥ 80%, Satisfactory ≥ 75%, Shortage < 75% (thresholds editable on Lists). Scatter plots every record regardless of filters.

Sheet Faculty Dashboard
B1: Faculty Performance Analytics
B2: Feedback, results, research output and composite performance score | source: tblFaculty
B3: « Overview | D3: Students | E3: Attendance | F3: Faculty | G3: Placements | I3: Courses | K3: Instructions | M3: Data »
B5: Branch | C5: All | D5: Year | E5: All | I5: Choose 'All' to clear a filter. Score = feedback 40 + pass rate 30 + research 20 + experience 10 (weights editable on Lists).
B7: FACULTY EVALUATED | E7: AVG STUDENT FEEDBACK | I7: AVG PERFORMANCE SCORE | L7: RESEARCH PAPERS
B8: =COUNTIFS(tblFaculty[Department],cFa_B,tblFaculty[Year],cFa_Y) -> 30 | E8: =IFERROR(AVERAGEIFS(tblFaculty[Student Feedback],tblFaculty[Department],cFa_B,tblFaculty[Year],cFa_Y),0) -> 4.0426667 | I8: =IFERROR(AVERAGEIFS(tblFaculty[Performance Score],tblFaculty[Department],cFa_B,tblFaculty[Year],cFa_Y),0) -> 76.45 | L8: =SUMIFS(tblFaculty[Research Papers],tblFaculty[Department],cFa_B,tblFaculty[Year],cFa_Y) -> 188
B10: ="Outstanding: "&COUNTIFS(tblFaculty[Department],cFa_B,tblFaculty[Year],cFa_Y,tblFaculty[Rating],"Outstanding")&" | Needs improvement: "&COUNTIFS(tblFaculty[Department],cFa_B,tblFaculty[Year],cFa_Y,tblFaculty[Rating],"Needs Improvement") -> Outstanding: 9 | Needs improvement: 4 | E10: ="Out of 5.00" -> Out of 5.00 | I10: ="Avg student pass rate: "&TEXT(IFERROR(AVERAGEIFS(tblFaculty[Student Pass Rate],tblFaculty[Department],cFa_B,tblFaculty[Year],cFa_Y),0),"0.0%") -> Avg student pass rate: 91.7% | L10: ="Avg experience: "&TEXT(IFERROR(AVERAGEIFS(tblFaculty[Experience Yrs],tblFaculty[Department],cFa_B,tblFaculty[Year],cFa_Y),0),"0.0")&" years" -> Avg experience: 11.6 years
B42: ▲ TOP 10 FACULTY - PERFORMANCE SCORE | I42: ▼ BOTTOM 10 FACULTY - PERFORMANCE SCORE
B43: # | C43: Faculty | D43: Dept | E43: Feedback | F43: Papers | G43: Score | I43: # | J43: Faculty | K43: Dept | L43: Feedback | M43: Papers | N43: Score
B44: 1 | C44: =IFERROR(INDEX(tblFaculty[Faculty Name],MATCH(LARGE(tblFaculty[Rank Key],$B44),tblFaculty[Rank Key],0)),"-") -> Dr. Manoj Yadav | D44: =IFERROR(INDEX(tblFaculty[Department],MATCH(LARGE(tblFaculty[Rank Key],$B44),tblFaculty[Rank Key],0)),"-") -> IT | E44: =IFERROR(INDEX(tblFaculty[Student Feedback],MATCH(LARGE(tblFaculty[Rank Key],$B44),tblFaculty[Rank Key],0)),"-") -> 4.48 | F44: =IFERROR(INDEX(tblFaculty[Research Papers],MATCH(LARGE(tblFaculty[Rank Key],$B44),tblFaculty[Rank Key],0)),"-") -> 17 | G44: =IFERROR(INDEX(tblFaculty[Performance Score],MATCH(LARGE(tblFaculty[Rank Key],$B44),tblFaculty[Rank Key],0)),"-") -> 93.6 | I44: 1 | J44: =IFERROR(INDEX(tblFaculty[Faculty Name],MATCH(SMALL(tblFaculty[Rank Key],$I44),tblFaculty[Rank Key],0)),"-") -> Mr. Rekha Chatterjee | K44: =IFERROR(INDEX(tblFaculty[Department],MATCH(SMALL(tblFaculty[Rank Key],$I44),tblFaculty[Rank Key],0)),"-") -> CE | L44: =IFERROR(INDEX(tblFaculty[Student Feedback],MATCH(SMALL(tblFaculty[Rank Key],$I44),tblFaculty[Rank Key],0)),"-") -> 3.58 | M44: =IFERROR(INDEX(tblFaculty[Research Papers],MATCH(SMALL(tblFaculty[Rank Key],$I44),tblFaculty[Rank Key],0)),"-") -> 0 | N44: =IFERROR(INDEX(tblFaculty[Performance Score],MATCH(SMALL(tblFaculty[Rank Key],$I44),tblFaculty[Rank Key],0)),"-") -> 56.1
B45: 2 | C45: =IFERROR(INDEX(tblFaculty[Faculty Name],MATCH(LARGE(tblFaculty[Rank Key],$B45),tblFaculty[Rank Key],0)),"-") -> Dr. Usha Shah | D45: =IFERROR(INDEX(tblFaculty[Department],MATCH(LARGE(tblFaculty[Rank Key],$B45),tblFaculty[Rank Key],0)),"-") -> ME | E45: =IFERROR(INDEX(tblFaculty[Student Feedback],MATCH(LARGE(tblFaculty[Rank Key],$B45),tblFaculty[Rank Key],0)),"-") -> 4.71 | F45: =IFERROR(INDEX(tblFaculty[Research Papers],MATCH(LARGE(tblFaculty[Rank Key],$B45),tblFaculty[Rank Key],0)),"-") -> 9 | G45: =IFERROR(INDEX(tblFaculty[Performance Score],MATCH(LARGE(tblFaculty[Rank Key],$B45),tblFaculty[Rank Key],0)),"-") -> 92 | I45: 2 | J45: =IFERROR(INDEX(tblFaculty[Faculty Name],MATCH(SMALL(tblFaculty[Rank Key],$I45),tblFaculty[Rank Key],0)),"-") -> Mr. Neeta Thakur | K45: =IFERROR(INDEX(tblFaculty[Department],MATCH(SMALL(tblFaculty[Rank Key],$I45),tblFaculty[Rank Key],0)),"-") -> CSE | L45: =IFERROR(INDEX(tblFaculty[Student Feedback],MATCH(SMALL(tblFaculty[Rank Key],$I45),tblFaculty[Rank Key],0)),"-") -> 3.53 | M45: =IFERROR(INDEX(tblFaculty[Research Papers],MATCH(SMALL(tblFaculty[Rank Key],$I45),tblFaculty[Rank Key],0)),"-") -> 2 | N45: =IFERROR(INDEX(tblFaculty[Performance Score],MATCH(SMALL(tblFaculty[Rank Key],$I45),tblFaculty[Rank Key],0)),"-") -> 60.9
B46: 3 | C46: =IFERROR(INDEX(tblFaculty[Faculty Name],MATCH(LARGE(tblFaculty[Rank Key],$B46),tblFaculty[Rank Key],0)),"-") -> Dr. Pradeep Srivastava | D46: =IFERROR(INDEX(tblFaculty[Department],MATCH(LARGE(tblFaculty[Rank Key],$B46),tblFaculty[Rank Key],0)),"-") -> CE | E46: =IFERROR(INDEX(tblFaculty[Student Feedback],MATCH(LARGE(tblFaculty[Rank Key],$B46),tblFaculty[Rank Key],0)),"-") -> 4.4 | F46: =IFERROR(INDEX(tblFaculty[Research Papers],MATCH(LARGE(tblFaculty[Rank Key],$B46),tblFaculty[Rank Key],0)),"-") -> 11 | G46: =IFERROR(INDEX(tblFaculty[Performance Score],MATCH(LARGE(tblFaculty[Rank Key],$B46),tblFaculty[Rank Key],0)),"-") -> 91.5 | I46: 3 | J46: =IFERROR(INDEX(tblFaculty[Faculty Name],MATCH(SMALL(tblFaculty[Rank Key],$I46),tblFaculty[Rank Key],0)),"-") -> Prof. Vinod Thakur | K46: =IFERROR(INDEX(tblFaculty[Department],MATCH(SMALL(tblFaculty[Rank Key],$I46),tblFaculty[Rank Key],0)),"-") -> CSE | L46: =IFERROR(INDEX(tblFaculty[Student Feedback],MATCH(SMALL(tblFaculty[Rank Key],$I46),tblFaculty[Rank Key],0)),"-") -> 3.99 | M46: =IFERROR(INDEX(tblFaculty[Research Papers],MATCH(SMALL(tblFaculty[Rank Key],$I46),tblFaculty[Rank Key],0)),"-") -> 0 | N46: =IFERROR(INDEX(tblFaculty[Performance Score],MATCH(SMALL(tblFaculty[Rank Key],$I46),tblFaculty[Rank Key],0)),"-") -> 62
B47: 4 | C47: =IFERROR(INDEX(tblFaculty[Faculty Name],MATCH(LARGE(tblFaculty[Rank Key],$B47),tblFaculty[Rank Key],0)),"-") -> Dr. Arvind Sharma | D47: =IFERROR(INDEX(tblFaculty[Department],MATCH(LARGE(tblFaculty[Rank Key],$B47),tblFaculty[Rank Key],0)),"-") -> CE | E47: =IFERROR(INDEX(tblFaculty[Student Feedback],MATCH(LARGE(tblFaculty[Rank Key],$B47),tblFaculty[Rank Key],0)),"-") -> 4.13 | F47: =IFERROR(INDEX(tblFaculty[Research Papers],MATCH(LARGE(tblFaculty[Rank Key],$B47),tblFaculty[Rank Key],0)),"-") -> 9 | G47: =IFERROR(INDEX(tblFaculty[Performance Score],MATCH(LARGE(tblFaculty[Rank Key],$B47),tblFaculty[Rank Key],0)),"-") -> 90.5 | I47: 4 | J47: =IFERROR(INDEX(tblFaculty[Faculty Name],MATCH(SMALL(tblFaculty[Rank Key],$I47),tblFaculty[Rank Key],0)),"-") -> Prof. Sanjay Ansari | K47: =IFERROR(INDEX(tblFaculty[Department],MATCH(SMALL(tblFaculty[Rank Key],$I47),tblFaculty[Rank Key],0)),"-") -> IT | L47: =IFERROR(INDEX(tblFaculty[Student Feedback],MATCH(SMALL(tblFaculty[Rank Key],$I47),tblFaculty[Rank Key],0)),"-") -> 3.94 | M47: =IFERROR(INDEX(tblFaculty[Research Papers],MATCH(SMALL(tblFaculty[Rank Key],$I47),tblFaculty[Rank Key],0)),"-") -> 0 | N47: =IFERROR(INDEX(tblFaculty[Performance Score],MATCH(SMALL(tblFaculty[Rank Key],$I47),tblFaculty[Rank Key],0)),"-") -> 63.7
B48: 5 | C48: =IFERROR(INDEX(tblFaculty[Faculty Name],MATCH(LARGE(tblFaculty[Rank Key],$B48),tblFaculty[Rank Key],0)),"-") -> Dr. Madhu Ansari | D48: =IFERROR(INDEX(tblFaculty[Department],MATCH(LARGE(tblFaculty[Rank Key],$B48),tblFaculty[Rank Key],0)),"-") -> ME | E48: =IFERROR(INDEX(tblFaculty[Student Feedback],MATCH(LARGE(tblFaculty[Rank Key],$B48),tblFaculty[Rank Key],0)),"-") -> 4.3 | F48: =IFERROR(INDEX(tblFaculty[Research Papers],MATCH(LARGE(tblFaculty[Rank Key],$B48),tblFaculty[Rank Key],0)),"-") -> 10 | G48: =IFERROR(INDEX(tblFaculty[Performance Score],MATCH(LARGE(tblFaculty[Rank Key],$B48),tblFaculty[Rank Key],0)),"-") -> 90.2 | I48: 5 | J48: =IFERROR(INDEX(tblFaculty[Faculty Name],MATCH(SMALL(tblFaculty[Rank Key],$I48),tblFaculty[Rank Key],0)),"-") -> Prof. Renu Reddy | K48: =IFERROR(INDEX(tblFaculty[Department],MATCH(SMALL(tblFaculty[Rank Key],$I48),tblFaculty[Rank Key],0)),"-") -> CSE | L48: =IFERROR(INDEX(tblFaculty[Student Feedback],MATCH(SMALL(tblFaculty[Rank Key],$I48),tblFaculty[Rank Key],0)),"-") -> 3.95 | M48: =IFERROR(INDEX(tblFaculty[Research Papers],MATCH(SMALL(tblFaculty[Rank Key],$I48),tblFaculty[Rank Key],0)),"-") -> 1 | N48: =IFERROR(INDEX(tblFaculty[Performance Score],MATCH(SMALL(tblFaculty[Rank Key],$I48),tblFaculty[Rank Key],0)),"-") -> 66.8
B49: 6 | C49: =IFERROR(INDEX(tblFaculty[Faculty Name],MATCH(LARGE(tblFaculty[Rank Key],$B49),tblFaculty[Rank Key],0)),"-") -> Dr. Dinesh Gupta | D49: =IFERROR(INDEX(tblFaculty[Department],MATCH(LARGE(tblFaculty[Rank Key],$B49),tblFaculty[Rank Key],0)),"-") -> ME | E49: =IFERROR(INDEX(tblFaculty[Student Feedback],MATCH(LARGE(tblFaculty[Rank Key],$B49),tblFaculty[Rank Key],0)),"-") -> 3.97 | F49: =IFERROR(INDEX(tblFaculty[Research Papers],MATCH(LARGE(tblFaculty[Rank Key],$B49),tblFaculty[Rank Key],0)),"-") -> 19 | G49: =IFERROR(INDEX(tblFaculty[Performance Score],MATCH(LARGE(tblFaculty[Rank Key],$B49),tblFaculty[Rank Key],0)),"-") -> 88.3 | I49: 6 | J49: =IFERROR(INDEX(tblFaculty[Faculty Name],MATCH(SMALL(tblFaculty[Rank Key],$I49),tblFaculty[Rank Key],0)),"-") -> Prof. Ramesh Saxena | K49: =IFERROR(INDEX(tblFaculty[Department],MATCH(SMALL(tblFaculty[Rank Key],$I49),tblFaculty[Rank Key],0)),"-") -> CE | L49: =IFERROR(INDEX(tblFaculty[Student Feedback],MATCH(SMALL(tblFaculty[Rank Key],$I49),tblFaculty[Rank Key],0)),"-") -> 3.93 | M49: =IFERROR(INDEX(tblFaculty[Research Papers],MATCH(SMALL(tblFaculty[Rank Key],$I49),tblFaculty[Rank Key],0)),"-") -> 2 | N49: =IFERROR(INDEX(tblFaculty[Performance Score],MATCH(SMALL(tblFaculty[Rank Key],$I49),tblFaculty[Rank Key],0)),"-") -> 67.5
B50: 7 | C50: =IFERROR(INDEX(tblFaculty[Faculty Name],MATCH(LARGE(tblFaculty[Rank Key],$B50),tblFaculty[Rank Key],0)),"-") -> Dr. Sunil Sharma | D50: =IFERROR(INDEX(tblFaculty[Department],MATCH(LARGE(tblFaculty[Rank Key],$B50),tblFaculty[Rank Key],0)),"-") -> CE | E50: =IFERROR(INDEX(tblFaculty[Student Feedback],MATCH(LARGE(tblFaculty[Rank Key],$B50),tblFaculty[Rank Key],0)),"-") -> 3.99 | F50: =IFERROR(INDEX(tblFaculty[Research Papers],MATCH(LARGE(tblFaculty[Rank Key],$B50),tblFaculty[Rank Key],0)),"-") -> 11 | G50: =IFERROR(INDEX(tblFaculty[Performance Score],MATCH(LARGE(tblFaculty[Rank Key],$B50),tblFaculty[Rank Key],0)),"-") -> 86.9 | I50: 7 | J50: =IFERROR(INDEX(tblFaculty[Faculty Name],MATCH(SMALL(tblFaculty[Rank Key],$I50),tblFaculty[Rank Key],0)),"-") -> Prof. Sunita Banerjee | K50: =IFERROR(INDEX(tblFaculty[Department],MATCH(SMALL(tblFaculty[Rank Key],$I50),tblFaculty[Rank Key],0)),"-") -> IT | L50: =IFERROR(INDEX(tblFaculty[Student Feedback],MATCH(SMALL(tblFaculty[Rank Key],$I50),tblFaculty[Rank Key],0)),"-") -> 4.51 | M50: =IFERROR(INDEX(tblFaculty[Research Papers],MATCH(SMALL(tblFaculty[Rank Key],$I50),tblFaculty[Rank Key],0)),"-") -> 0 | N50: =IFERROR(INDEX(tblFaculty[Performance Score],MATCH(SMALL(tblFaculty[Rank Key],$I50),tblFaculty[Rank Key],0)),"-") -> 68.1
B51: 8 | C51: =IFERROR(INDEX(tblFaculty[Faculty Name],MATCH(LARGE(tblFaculty[Rank Key],$B51),tblFaculty[Rank Key],0)),"-") -> Dr. Rakesh Banerjee | D51: =IFERROR(INDEX(tblFaculty[Department],MATCH(LARGE(tblFaculty[Rank Key],$B51),tblFaculty[Rank Key],0)),"-") -> IT | E51: =IFERROR(INDEX(tblFaculty[Student Feedback],MATCH(LARGE(tblFaculty[Rank Key],$B51),tblFaculty[Rank Key],0)),"-") -> 3.82 | F51: =IFERROR(INDEX(tblFaculty[Research Papers],MATCH(LARGE(tblFaculty[Rank Key],$B51),tblFaculty[Rank Key],0)),"-") -> 12 | G51: =IFERROR(INDEX(tblFaculty[Performance Score],MATCH(LARGE(tblFaculty[Rank Key],$B51),tblFaculty[Rank Key],0)),"-") -> 86.2 | I51: 8 | J51: =IFERROR(INDEX(tblFaculty[Faculty Name],MATCH(SMALL(tblFaculty[Rank Key],$I51),tblFaculty[Rank Key],0)),"-") -> Mr. Nisha Dubey | K51: =IFERROR(INDEX(tblFaculty[Department],MATCH(SMALL(tblFaculty[Rank Key],$I51),tblFaculty[Rank Key],0)),"-") -> CE | L51: =IFERROR(INDEX(tblFaculty[Student Feedback],MATCH(SMALL(tblFaculty[Rank Key],$I51),tblFaculty[Rank Key],0)),"-") -> 4.55 | M51: =IFERROR(INDEX(tblFaculty[Research Papers],MATCH(SMALL(tblFaculty[Rank Key],$I51),tblFaculty[Rank Key],0)),"-") -> 2 | N51: =IFERROR(INDEX(tblFaculty[Performance Score],MATCH(SMALL(tblFaculty[Rank Key],$I51),tblFaculty[Rank Key],0)),"-") -> 68.1
B52: 9 | C52: =IFERROR(INDEX(tblFaculty[Faculty Name],MATCH(LARGE(tblFaculty[Rank Key],$B52),tblFaculty[Rank Key],0)),"-") -> Dr. Mamta Reddy | D52: =IFERROR(INDEX(tblFaculty[Department],MATCH(LARGE(tblFaculty[Rank Key],$B52),tblFaculty[Rank Key],0)),"-") -> ECE | E52: =IFERROR(INDEX(tblFaculty[Student Feedback],MATCH(LARGE(tblFaculty[Rank Key],$B52),tblFaculty[Rank Key],0)),"-") -> 4.11 | F52: =IFERROR(INDEX(tblFaculty[Research Papers],MATCH(LARGE(tblFaculty[Rank Key],$B52),tblFaculty[Rank Key],0)),"-") -> 8 | G52: =IFERROR(INDEX(tblFaculty[Performance Score],MATCH(LARGE(tblFaculty[Rank Key],$B52),tblFaculty[Rank Key],0)),"-") -> 86 | I52: 9 | J52: =IFERROR(INDEX(tblFaculty[Faculty Name],MATCH(SMALL(tblFaculty[Rank Key],$I52),tblFaculty[Rank Key],0)),"-") -> Prof. Alok Goel | K52: =IFERROR(INDEX(tblFaculty[Department],MATCH(SMALL(tblFaculty[Rank Key],$I52),tblFaculty[Rank Key],0)),"-") -> CSE | L52: =IFERROR(INDEX(tblFaculty[Student Feedback],MATCH(SMALL(tblFaculty[Rank Key],$I52),tblFaculty[Rank Key],0)),"-") -> 4 | M52: =IFERROR(INDEX(tblFaculty[Research Papers],MATCH(SMALL(tblFaculty[Rank Key],$I52),tblFaculty[Rank Key],0)),"-") -> 4 | N52: =IFERROR(INDEX(tblFaculty[Performance Score],MATCH(SMALL(tblFaculty[Rank Key],$I52),tblFaculty[Rank Key],0)),"-") -> 68.4
B53: 10 | C53: =IFERROR(INDEX(tblFaculty[Faculty Name],MATCH(LARGE(tblFaculty[Rank Key],$B53),tblFaculty[Rank Key],0)),"-") -> Dr. Poonam Agarwal | D53: =IFERROR(INDEX(tblFaculty[Department],MATCH(LARGE(tblFaculty[Rank Key],$B53),tblFaculty[Rank Key],0)),"-") -> ME | E53: =IFERROR(INDEX(tblFaculty[Student Feedback],MATCH(LARGE(tblFaculty[Rank Key],$B53),tblFaculty[Rank Key],0)),"-") -> 3.76 | F53: =IFERROR(INDEX(tblFaculty[Research Papers],MATCH(LARGE(tblFaculty[Rank Key],$B53),tblFaculty[Rank Key],0)),"-") -> 10 | G53: =IFERROR(INDEX(tblFaculty[Performance Score],MATCH(LARGE(tblFaculty[Rank Key],$B53),tblFaculty[Rank Key],0)),"-") -> 84.2 | I53: 10 | J53: =IFERROR(INDEX(tblFaculty[Faculty Name],MATCH(SMALL(tblFaculty[Rank Key],$I53),tblFaculty[Rank Key],0)),"-") -> Prof. Shalini Patel | K53: =IFERROR(INDEX(tblFaculty[Department],MATCH(SMALL(tblFaculty[Rank Key],$I53),tblFaculty[Rank Key],0)),"-") -> ECE | L53: =IFERROR(INDEX(tblFaculty[Student Feedback],MATCH(SMALL(tblFaculty[Rank Key],$I53),tblFaculty[Rank Key],0)),"-") -> 4.64 | M53: =IFERROR(INDEX(tblFaculty[Research Papers],MATCH(SMALL(tblFaculty[Rank Key],$I53),tblFaculty[Rank Key],0)),"-") -> 1 | N53: =IFERROR(INDEX(tblFaculty[Performance Score],MATCH(SMALL(tblFaculty[Rank Key],$I53),tblFaculty[Rank Key],0)),"-") -> 68.6
B55: Rating bands: Outstanding ≥ 85, Very Good ≥ 75, Good ≥ 65, otherwise Needs Improvement. Ranks respect the active filters.

Sheet Placement Dashboard
B1: Placement Analytics
B2: Placement rate, packages, sectors and recruiters | source: tblPlacements
B3: « Overview | D3: Students | E3: Attendance | F3: Faculty | G3: Placements | I3: Courses | K3: Instructions | M3: Data »
B5: Branch | C5: All | D5: Year | E5: All | I5: Choose 'All' to clear a filter. Packages are in Lakhs Per Annum (LPA). Branch-comparison charts ignore the Branch filter.
B7: STUDENTS REGISTERED | E7: PLACEMENT RATE | I7: AVERAGE PACKAGE (LPA) | L7: HIGHEST PACKAGE (LPA)
B8: =COUNTIFS(tblPlacements[Branch],cPl_B,tblPlacements[Year],cPl_Y) -> 150 | E8: =IFERROR(COUNTIFS(tblPlacements[Branch],cPl_B,tblPlacements[Year],cPl_Y,tblPlacements[Status],"Placed")/COUNTIFS(tblPlacements[Branch],cPl_B,tblPlacements[Year],cPl_Y),0) -> 0.76 | I8: =IFERROR(AVERAGEIFS(tblPlacements[Package LPA],tblPlacements[Branch],cPl_B,tblPlacements[Year],cPl_Y,tblPlacements[Status],"Placed"),0) -> 9.6482456 | L8: =_xlfn.MAXIFS(tblPlacements[Package LPA],tblPlacements[Branch],cPl_B,tblPlacements[Year],cPl_Y) -> 44.4
B10: ="Placed: "&COUNTIFS(tblPlacements[Branch],cPl_B,tblPlacements[Year],cPl_Y,tblPlacements[Status],"Placed")&" | Not placed: "&(COUNTIFS(tblPlacements[Branch],cPl_B,tblPlacements[Year],cPl_Y)-COUNTIFS(tblPlacements[Branch],cPl_B,tblPlacements[Year],cPl_Y,tblPlacements[Status],"Placed")) -> Placed: 114 | Not placed: 36 | E10: ="Placed ÷ registered" -> Placed ÷ registered | I10: ="Avg CGPA of placed: "&TEXT(IFERROR(AVERAGEIFS(tblPlacements[CGPA],tblPlacements[Branch],cPl_B,tblPlacements[Year],cPl_Y,tblPlacements[Status],"Placed"),0),"0.00") -> Avg CGPA of placed: 7.68 | L10: ="Companies visited: "&SUMPRODUCT((tblPlacements[Company]<>"")/COUNTIF(tblPlacements[Company],tblPlacements[Company]&""))&" (all years)" -> Companies visited: 26 (all years)
B42: ▲ TOP 10 PACKAGES | I42: ▼ LOWEST 10 PACKAGES (PLACED)
B43: # | C43: Student | D43: Branch | E43: Company | F43: LPA | G43: CGPA | I43: # | J43: Student | K43: Branch | L43: Company | M43: LPA | N43: CGPA
B44: 1 | C44: =IFERROR(INDEX(tblPlacements[Student Name],MATCH(LARGE(tblPlacements[Rank Key],$B44),tblPlacements[Rank Key],0)),"-") -> Nandini Rawat | D44: =IFERROR(INDEX(tblPlacements[Branch],MATCH(LARGE(tblPlacements[Rank Key],$B44),tblPlacements[Rank Key],0)),"-") -> IT | E44: =IFERROR(INDEX(tblPlacements[Company],MATCH(LARGE(tblPlacements[Rank Key],$B44),tblPlacements[Rank Key],0)),"-") -> Microsoft | F44: =IFERROR(INDEX(tblPlacements[Package LPA],MATCH(LARGE(tblPlacements[Rank Key],$B44),tblPlacements[Rank Key],0)),"-") -> 44.4 | G44: =IFERROR(INDEX(tblPlacements[CGPA],MATCH(LARGE(tblPlacements[Rank Key],$B44),tblPlacements[Rank Key],0)),"-") -> 8.6 | I44: 1 | J44: =IFERROR(INDEX(tblPlacements[Student Name],MATCH(SMALL(tblPlacements[Rank Key],$I44),tblPlacements[Rank Key],0)),"-") -> Rahul Singh | K44: =IFERROR(INDEX(tblPlacements[Branch],MATCH(SMALL(tblPlacements[Rank Key],$I44),tblPlacements[Rank Key],0)),"-") -> ECE | L44: =IFERROR(INDEX(tblPlacements[Company],MATCH(SMALL(tblPlacements[Rank Key],$I44),tblPlacements[Rank Key],0)),"-") -> Wipro | M44: =IFERROR(INDEX(tblPlacements[Package LPA],MATCH(SMALL(tblPlacements[Rank Key],$I44),tblPlacements[Rank Key],0)),"-") -> 3.5 | N44: =IFERROR(INDEX(tblPlacements[CGPA],MATCH(SMALL(tblPlacements[Rank Key],$I44),tblPlacements[Rank Key],0)),"-") -> 7.04
B45: 2 | C45: =IFERROR(INDEX(tblPlacements[Student Name],MATCH(LARGE(tblPlacements[Rank Key],$B45),tblPlacements[Rank Key],0)),"-") -> Kavya Kumar | D45: =IFERROR(INDEX(tblPlacements[Branch],MATCH(LARGE(tblPlacements[Rank Key],$B45),tblPlacements[Rank Key],0)),"-") -> CSE | E45: =IFERROR(INDEX(tblPlacements[Company],MATCH(LARGE(tblPlacements[Rank Key],$B45),tblPlacements[Rank Key],0)),"-") -> Microsoft | F45: =IFERROR(INDEX(tblPlacements[Package LPA],MATCH(LARGE(tblPlacements[Rank Key],$B45),tblPlacements[Rank Key],0)),"-") -> 42.2 | G45: =IFERROR(INDEX(tblPlacements[CGPA],MATCH(LARGE(tblPlacements[Rank Key],$B45),tblPlacements[Rank Key],0)),"-") -> 8.22 | I45: 2 | J45: =IFERROR(INDEX(tblPlacements[Student Name],MATCH(SMALL(tblPlacements[Rank Key],$I45),tblPlacements[Rank Key],0)),"-") -> Ananya Banerjee | K45: =IFERROR(INDEX(tblPlacements[Branch],MATCH(SMALL(tblPlacements[Rank Key],$I45),tblPlacements[Rank Key],0)),"-") -> CSE | L45: =IFERROR(INDEX(tblPlacements[Company],MATCH(SMALL(tblPlacements[Rank Key],$I45),tblPlacements[Rank Key],0)),"-") -> Infosys | M45: =IFERROR(INDEX(tblPlacements[Package LPA],MATCH(SMALL(tblPlacements[Rank Key],$I45),tblPlacements[Rank Key],0)),"-") -> 3.6 | N45: =IFERROR(INDEX(tblPlacements[CGPA],MATCH(SMALL(tblPlacements[Rank Key],$I45),tblPlacements[Rank Key],0)),"-") -> 5.95
B46: 3 | C46: =IFERROR(INDEX(tblPlacements[Student Name],MATCH(LARGE(tblPlacements[Rank Key],$B46),tblPlacements[Rank Key],0)),"-") -> Sakshi Verma | D46: =IFERROR(INDEX(tblPlacements[Branch],MATCH(LARGE(tblPlacements[Rank Key],$B46),tblPlacements[Rank Key],0)),"-") -> CSE | E46: =IFERROR(INDEX(tblPlacements[Company],MATCH(LARGE(tblPlacements[Rank Key],$B46),tblPlacements[Rank Key],0)),"-") -> Amazon | F46: =IFERROR(INDEX(tblPlacements[Package LPA],MATCH(LARGE(tblPlacements[Rank Key],$B46),tblPlacements[Rank Key],0)),"-") -> 37 | G46: =IFERROR(INDEX(tblPlacements[CGPA],MATCH(LARGE(tblPlacements[Rank Key],$B46),tblPlacements[Rank Key],0)),"-") -> 8.01 | I46: 3 | J46: =IFERROR(INDEX(tblPlacements[Student Name],MATCH(SMALL(tblPlacements[Rank Key],$I46),tblPlacements[Rank Key],0)),"-") -> Ananya Rawat | K46: =IFERROR(INDEX(tblPlacements[Branch],MATCH(SMALL(tblPlacements[Rank Key],$I46),tblPlacements[Rank Key],0)),"-") -> CSE | L46: =IFERROR(INDEX(tblPlacements[Company],MATCH(SMALL(tblPlacements[Rank Key],$I46),tblPlacements[Rank Key],0)),"-") -> Infosys | M46: =IFERROR(INDEX(tblPlacements[Package LPA],MATCH(SMALL(tblPlacements[Rank Key],$I46),tblPlacements[Rank Key],0)),"-") -> 3.6 | N46: =IFERROR(INDEX(tblPlacements[CGPA],MATCH(SMALL(tblPlacements[Rank Key],$I46),tblPlacements[Rank Key],0)),"-") -> 6.39
B47: 4 | C47: =IFERROR(INDEX(tblPlacements[Student Name],MATCH(LARGE(tblPlacements[Rank Key],$B47),tblPlacements[Rank Key],0)),"-") -> Komal Pandey | D47: =IFERROR(INDEX(tblPlacements[Branch],MATCH(LARGE(tblPlacements[Rank Key],$B47),tblPlacements[Rank Key],0)),"-") -> CSE | E47: =IFERROR(INDEX(tblPlacements[Company],MATCH(LARGE(tblPlacements[Rank Key],$B47),tblPlacements[Rank Key],0)),"-") -> Adobe | F47: =IFERROR(INDEX(tblPlacements[Package LPA],MATCH(LARGE(tblPlacements[Rank Key],$B47),tblPlacements[Rank Key],0)),"-") -> 35.7 | G47: =IFERROR(INDEX(tblPlacements[CGPA],MATCH(LARGE(tblPlacements[Rank Key],$B47),tblPlacements[Rank Key],0)),"-") -> 8.18 | I47: 4 | J47: =IFERROR(INDEX(tblPlacements[Student Name],MATCH(SMALL(tblPlacements[Rank Key],$I47),tblPlacements[Rank Key],0)),"-") -> Aditya Ansari | K47: =IFERROR(INDEX(tblPlacements[Branch],MATCH(SMALL(tblPlacements[Rank Key],$I47),tblPlacements[Rank Key],0)),"-") -> IT | L47: =IFERROR(INDEX(tblPlacements[Company],MATCH(SMALL(tblPlacements[Rank Key],$I47),tblPlacements[Rank Key],0)),"-") -> Infosys | M47: =IFERROR(INDEX(tblPlacements[Package LPA],MATCH(SMALL(tblPlacements[Rank Key],$I47),tblPlacements[Rank Key],0)),"-") -> 3.7 | N47: =IFERROR(INDEX(tblPlacements[CGPA],MATCH(SMALL(tblPlacements[Rank Key],$I47),tblPlacements[Rank Key],0)),"-") -> 6.34
B48: 5 | C48: =IFERROR(INDEX(tblPlacements[Student Name],MATCH(LARGE(tblPlacements[Rank Key],$B48),tblPlacements[Rank Key],0)),"-") -> Neha Nair | D48: =IFERROR(INDEX(tblPlacements[Branch],MATCH(LARGE(tblPlacements[Rank Key],$B48),tblPlacements[Rank Key],0)),"-") -> IT | E48: =IFERROR(INDEX(tblPlacements[Company],MATCH(LARGE(tblPlacements[Rank Key],$B48),tblPlacements[Rank Key],0)),"-") -> Amazon | F48: =IFERROR(INDEX(tblPlacements[Package LPA],MATCH(LARGE(tblPlacements[Rank Key],$B48),tblPlacements[Rank Key],0)),"-") -> 31 | G48: =IFERROR(INDEX(tblPlacements[CGPA],MATCH(LARGE(tblPlacements[Rank Key],$B48),tblPlacements[Rank Key],0)),"-") -> 8.41 | I48: 5 | J48: =IFERROR(INDEX(tblPlacements[Student Name],MATCH(SMALL(tblPlacements[Rank Key],$I48),tblPlacements[Rank Key],0)),"-") -> Kunal Srivastava | K48: =IFERROR(INDEX(tblPlacements[Branch],MATCH(SMALL(tblPlacements[Rank Key],$I48),tblPlacements[Rank Key],0)),"-") -> CSE | L48: =IFERROR(INDEX(tblPlacements[Company],MATCH(SMALL(tblPlacements[Rank Key],$I48),tblPlacements[Rank Key],0)),"-") -> Tech Mahindra | M48: =IFERROR(INDEX(tblPlacements[Package LPA],MATCH(SMALL(tblPlacements[Rank Key],$I48),tblPlacements[Rank Key],0)),"-") -> 3.7 | N48: =IFERROR(INDEX(tblPlacements[CGPA],MATCH(SMALL(tblPlacements[Rank Key],$I48),tblPlacements[Rank Key],0)),"-") -> 6.2
B49: 6 | C49: =IFERROR(INDEX(tblPlacements[Student Name],MATCH(LARGE(tblPlacements[Rank Key],$B49),tblPlacements[Rank Key],0)),"-") -> Jhanvi Dubey | D49: =IFERROR(INDEX(tblPlacements[Branch],MATCH(LARGE(tblPlacements[Rank Key],$B49),tblPlacements[Rank Key],0)),"-") -> CSE | E49: =IFERROR(INDEX(tblPlacements[Company],MATCH(LARGE(tblPlacements[Rank Key],$B49),tblPlacements[Rank Key],0)),"-") -> Adobe | F49: =IFERROR(INDEX(tblPlacements[Package LPA],MATCH(LARGE(tblPlacements[Rank Key],$B49),tblPlacements[Rank Key],0)),"-") -> 30.6 | G49: =IFERROR(INDEX(tblPlacements[CGPA],MATCH(LARGE(tblPlacements[Rank Key],$B49),tblPlacements[Rank Key],0)),"-") -> 7.35 | I49: 6 | J49: =IFERROR(INDEX(tblPlacements[Student Name],MATCH(SMALL(tblPlacements[Rank Key],$I49),tblPlacements[Rank Key],0)),"-") -> Parth Jain | K49: =IFERROR(INDEX(tblPlacements[Branch],MATCH(SMALL(tblPlacements[Rank Key],$I49),tblPlacements[Rank Key],0)),"-") -> IT | L49: =IFERROR(INDEX(tblPlacements[Company],MATCH(SMALL(tblPlacements[Rank Key],$I49),tblPlacements[Rank Key],0)),"-") -> Tech Mahindra | M49: =IFERROR(INDEX(tblPlacements[Package LPA],MATCH(SMALL(tblPlacements[Rank Key],$I49),tblPlacements[Rank Key],0)),"-") -> 3.9 | N49: =IFERROR(INDEX(tblPlacements[CGPA],MATCH(SMALL(tblPlacements[Rank Key],$I49),tblPlacements[Rank Key],0)),"-") -> 7.9
B50: 7 | C50: =IFERROR(INDEX(tblPlacements[Student Name],MATCH(LARGE(tblPlacements[Rank Key],$B50),tblPlacements[Rank Key],0)),"-") -> Jhanvi Mishra | D50: =IFERROR(INDEX(tblPlacements[Branch],MATCH(LARGE(tblPlacements[Rank Key],$B50),tblPlacements[Rank Key],0)),"-") -> IT | E50: =IFERROR(INDEX(tblPlacements[Company],MATCH(LARGE(tblPlacements[Rank Key],$B50),tblPlacements[Rank Key],0)),"-") -> Adobe | F50: =IFERROR(INDEX(tblPlacements[Package LPA],MATCH(LARGE(tblPlacements[Rank Key],$B50),tblPlacements[Rank Key],0)),"-") -> 30.1 | G50: =IFERROR(INDEX(tblPlacements[CGPA],MATCH(LARGE(tblPlacements[Rank Key],$B50),tblPlacements[Rank Key],0)),"-") -> 8.03 | I50: 7 | J50: =IFERROR(INDEX(tblPlacements[Student Name],MATCH(SMALL(tblPlacements[Rank Key],$I50),tblPlacements[Rank Key],0)),"-") -> Swati Saxena | K50: =IFERROR(INDEX(tblPlacements[Branch],MATCH(SMALL(tblPlacements[Rank Key],$I50),tblPlacements[Rank Key],0)),"-") -> IT | L50: =IFERROR(INDEX(tblPlacements[Company],MATCH(SMALL(tblPlacements[Rank Key],$I50),tblPlacements[Rank Key],0)),"-") -> Wipro | M50: =IFERROR(INDEX(tblPlacements[Package LPA],MATCH(SMALL(tblPlacements[Rank Key],$I50),tblPlacements[Rank Key],0)),"-") -> 4 | N50: =IFERROR(INDEX(tblPlacements[CGPA],MATCH(SMALL(tblPlacements[Rank Key],$I50),tblPlacements[Rank Key],0)),"-") -> 7.46
B51: 8 | C51: =IFERROR(INDEX(tblPlacements[Student Name],MATCH(LARGE(tblPlacements[Rank Key],$B51),tblPlacements[Rank Key],0)),"-") -> Ishaan Bhatt | D51: =IFERROR(INDEX(tblPlacements[Branch],MATCH(LARGE(tblPlacements[Rank Key],$B51),tblPlacements[Rank Key],0)),"-") -> IT | E51: =IFERROR(INDEX(tblPlacements[Company],MATCH(LARGE(tblPlacements[Rank Key],$B51),tblPlacements[Rank Key],0)),"-") -> Flipkart | F51: =IFERROR(INDEX(tblPlacements[Package LPA],MATCH(LARGE(tblPlacements[Rank Key],$B51),tblPlacements[Rank Key],0)),"-") -> 24.7 | G51: =IFERROR(INDEX(tblPlacements[CGPA],MATCH(LARGE(tblPlacements[Rank Key],$B51),tblPlacements[Rank Key],0)),"-") -> 8.24 | I51: 8 | J51: =IFERROR(INDEX(tblPlacements[Student Name],MATCH(SMALL(tblPlacements[Rank Key],$I51),tblPlacements[Rank Key],0)),"-") -> Ishaan Agarwal | K51: =IFERROR(INDEX(tblPlacements[Branch],MATCH(SMALL(tblPlacements[Rank Key],$I51),tblPlacements[Rank Key],0)),"-") -> IT | L51: =IFERROR(INDEX(tblPlacements[Company],MATCH(SMALL(tblPlacements[Rank Key],$I51),tblPlacements[Rank Key],0)),"-") -> Cognizant | M51: =IFERROR(INDEX(tblPlacements[Package LPA],MATCH(SMALL(tblPlacements[Rank Key],$I51),tblPlacements[Rank Key],0)),"-") -> 4 | N51: =IFERROR(INDEX(tblPlacements[CGPA],MATCH(SMALL(tblPlacements[Rank Key],$I51),tblPlacements[Rank Key],0)),"-") -> 6.34
B52: 9 | C52: =IFERROR(INDEX(tblPlacements[Student Name],MATCH(LARGE(tblPlacements[Rank Key],$B52),tblPlacements[Rank Key],0)),"-") -> Vaishnavi Bhatt | D52: =IFERROR(INDEX(tblPlacements[Branch],MATCH(LARGE(tblPlacements[Rank Key],$B52),tblPlacements[Rank Key],0)),"-") -> CSE | E52: =IFERROR(INDEX(tblPlacements[Company],MATCH(LARGE(tblPlacements[Rank Key],$B52),tblPlacements[Rank Key],0)),"-") -> Amazon | F52: =IFERROR(INDEX(tblPlacements[Package LPA],MATCH(LARGE(tblPlacements[Rank Key],$B52),tblPlacements[Rank Key],0)),"-") -> 23.1 | G52: =IFERROR(INDEX(tblPlacements[CGPA],MATCH(LARGE(tblPlacements[Rank Key],$B52),tblPlacements[Rank Key],0)),"-") -> 6.93 | I52: 9 | J52: =IFERROR(INDEX(tblPlacements[Student Name],MATCH(SMALL(tblPlacements[Rank Key],$I52),tblPlacements[Rank Key],0)),"-") -> Vivaan Chatterjee | K52: =IFERROR(INDEX(tblPlacements[Branch],MATCH(SMALL(tblPlacements[Rank Key],$I52),tblPlacements[Rank Key],0)),"-") -> IT | L52: =IFERROR(INDEX(tblPlacements[Company],MATCH(SMALL(tblPlacements[Rank Key],$I52),tblPlacements[Rank Key],0)),"-") -> Tech Mahindra | M52: =IFERROR(INDEX(tblPlacements[Package LPA],MATCH(SMALL(tblPlacements[Rank Key],$I52),tblPlacements[Rank Key],0)),"-") -> 4 | N52: =IFERROR(INDEX(tblPlacements[CGPA],MATCH(SMALL(tblPlacements[Rank Key],$I52),tblPlacements[Rank Key],0)),"-") -> 7.3
B53: 10 | C53: =IFERROR(INDEX(tblPlacements[Student Name],MATCH(LARGE(tblPlacements[Rank Key],$B53),tblPlacements[Rank Key],0)),"-") -> Vishal Tyagi | D53: =IFERROR(INDEX(tblPlacements[Branch],MATCH(LARGE(tblPlacements[Rank Key],$B53),tblPlacements[Rank Key],0)),"-") -> IT | E53: =IFERROR(INDEX(tblPlacements[Company],MATCH(LARGE(tblPlacements[Rank Key],$B53),tblPlacements[Rank Key],0)),"-") -> Amazon | F53: =IFERROR(INDEX(tblPlacements[Package LPA],MATCH(LARGE(tblPlacements[Rank Key],$B53),tblPlacements[Rank Key],0)),"-") -> 22.9 | G53: =IFERROR(INDEX(tblPlacements[CGPA],MATCH(LARGE(tblPlacements[Rank Key],$B53),tblPlacements[Rank Key],0)),"-") -> 6.88 | I53: 10 | J53: =IFERROR(INDEX(tblPlacements[Student Name],MATCH(SMALL(tblPlacements[Rank Key],$I53),tblPlacements[Rank Key],0)),"-") -> Arjun Tyagi | K53: =IFERROR(INDEX(tblPlacements[Branch],MATCH(SMALL(tblPlacements[Rank Key],$I53),tblPlacements[Rank Key],0)),"-") -> CSE | L53: =IFERROR(INDEX(tblPlacements[Company],MATCH(SMALL(tblPlacements[Rank Key],$I53),tblPlacements[Rank Key],0)),"-") -> HCLTech | M53: =IFERROR(INDEX(tblPlacements[Package LPA],MATCH(SMALL(tblPlacements[Rank Key],$I53),tblPlacements[Rank Key],0)),"-") -> 4 | N53: =IFERROR(INDEX(tblPlacements[CGPA],MATCH(SMALL(tblPlacements[Rank Key],$I53),tblPlacements[Rank Key],0)),"-") -> 6.59
B55: Placement rate = Placed ÷ all registered students in the selection. Ranked tables only list placed students and respect the active filters.

Sheet Course Dashboard
B1: Course Analytics
B2: Enrollment, pass rates, attendance and course ratings | source: tblCourses
B3: « Overview | D3: Students | E3: Attendance | F3: Faculty | G3: Placements | I3: Courses | K3: Instructions | M3: Data »
B5: Branch | C5: All | D5: Semester | E5: All | F5: Year | G5: All | I5: Choose 'All' to clear a filter. Amber = pass rate below the course target (85% by default, editable on Lists).
B7: COURSES OFFERED | E7: TOTAL ENROLLMENT | I7: OVERALL PASS RATE | L7: AVG COURSE RATING
B8: =COUNTIFS(tblCourses[Branch],cCo_B,tblCourses[Semester],cCo_S,tblCourses[Year],cCo_Y) -> 25 | E8: =SUMIFS(tblCourses[Enrolled],tblCourses[Branch],cCo_B,tblCourses[Semester],cCo_S,tblCourses[Year],cCo_Y) -> 1415 | I8: =IFERROR(SUMIFS(tblCourses[Passed],tblCourses[Branch],cCo_B,tblCourses[Semester],cCo_S,tblCourses[Year],cCo_Y)/SUMIFS(tblCourses[Enrolled],tblCourses[Branch],cCo_B,tblCourses[Semester],cCo_S,tblCourses[Year],cCo_Y),0) -> 0.89681979 | L8: =IFERROR(AVERAGEIFS(tblCourses[Rating],tblCourses[Branch],cCo_B,tblCourses[Semester],cCo_S,tblCourses[Year],cCo_Y),0) -> 4.0388
B10: ="Credits delivered: "&SUMIFS(tblCourses[Credits],tblCourses[Branch],cCo_B,tblCourses[Semester],cCo_S,tblCourses[Year],cCo_Y) -> Credits delivered: 94 | E10: ="Avg class size: "&TEXT(IFERROR(SUMIFS(tblCourses[Enrolled],tblCourses[Branch],cCo_B,tblCourses[Semester],cCo_S,tblCourses[Year],cCo_Y)/COUNTIFS(tblCourses[Branch],cCo_B,tblCourses[Semester],cCo_S,tblCourses[Year],cCo_Y),0),"0.0") -> Avg class size: 56.6 | I10: ="Courses under target: "&COUNTIFS(tblCourses[Branch],cCo_B,tblCourses[Semester],cCo_S,tblCourses[Year],cCo_Y,tblCourses[Pass Rate],"<"&p_CoursePass) -> Courses under target: 5 | L10: ="Avg attendance: "&TEXT(IFERROR(AVERAGEIFS(tblCourses[Avg Attendance],tblCourses[Branch],cCo_B,tblCourses[Semester],cCo_S,tblCourses[Year],cCo_Y),0),"0.0%") -> Avg attendance: 83.4%
B42: ▲ TOP 10 COURSES - PASS RATE | I42: ▼ BOTTOM 10 COURSES - PASS RATE
B43: # | C43: Course | D43: Branch | E43: Sem | F43: Pass % | G43: Rating | I43: # | J43: Course | K43: Branch | L43: Sem | M43: Pass % | N43: Rating
B44: 1 | C44: =IFERROR(INDEX(tblCourses[Course Name],MATCH(LARGE(tblCourses[Rank Key],$B44),tblCourses[Rank Key],0)),"-") -> Computer Networks | D44: =IFERROR(INDEX(tblCourses[Branch],MATCH(LARGE(tblCourses[Rank Key],$B44),tblCourses[Rank Key],0)),"-") -> CSE | E44: =IFERROR(INDEX(tblCourses[Semester],MATCH(LARGE(tblCourses[Rank Key],$B44),tblCourses[Rank Key],0)),"-") -> 5 | F44: =IFERROR(INDEX(tblCourses[Pass Rate],MATCH(LARGE(tblCourses[Rank Key],$B44),tblCourses[Rank Key],0)),"-") -> 0.97619048 | G44: =IFERROR(INDEX(tblCourses[Rating],MATCH(LARGE(tblCourses[Rank Key],$B44),tblCourses[Rank Key],0)),"-") -> 4.37 | I44: 1 | J44: =IFERROR(INDEX(tblCourses[Course Name],MATCH(SMALL(tblCourses[Rank Key],$I44),tblCourses[Rank Key],0)),"-") -> Structural Analysis | K44: =IFERROR(INDEX(tblCourses[Branch],MATCH(SMALL(tblCourses[Rank Key],$I44),tblCourses[Rank Key],0)),"-") -> CE | L44: =IFERROR(INDEX(tblCourses[Semester],MATCH(SMALL(tblCourses[Rank Key],$I44),tblCourses[Rank Key],0)),"-") -> 4 | M44: =IFERROR(INDEX(tblCourses[Pass Rate],MATCH(SMALL(tblCourses[Rank Key],$I44),tblCourses[Rank Key],0)),"-") -> 0.73333333 | N44: =IFERROR(INDEX(tblCourses[Rating],MATCH(SMALL(tblCourses[Rank Key],$I44),tblCourses[Rank Key],0)),"-") -> 3.95
B45: 2 | C45: =IFERROR(INDEX(tblCourses[Course Name],MATCH(LARGE(tblCourses[Rank Key],$B45),tblCourses[Rank Key],0)),"-") -> Machine Learning | D45: =IFERROR(INDEX(tblCourses[Branch],MATCH(LARGE(tblCourses[Rank Key],$B45),tblCourses[Rank Key],0)),"-") -> CSE | E45: =IFERROR(INDEX(tblCourses[Semester],MATCH(LARGE(tblCourses[Rank Key],$B45),tblCourses[Rank Key],0)),"-") -> 6 | F45: =IFERROR(INDEX(tblCourses[Pass Rate],MATCH(LARGE(tblCourses[Rank Key],$B45),tblCourses[Rank Key],0)),"-") -> 0.96610169 | G45: =IFERROR(INDEX(tblCourses[Rating],MATCH(LARGE(tblCourses[Rank Key],$B45),tblCourses[Rank Key],0)),"-") -> 3.73 | I45: 2 | J45: =IFERROR(INDEX(tblCourses[Course Name],MATCH(SMALL(tblCourses[Rank Key],$I45),tblCourses[Rank Key],0)),"-") -> Concrete Technology | K45: =IFERROR(INDEX(tblCourses[Branch],MATCH(SMALL(tblCourses[Rank Key],$I45),tblCourses[Rank Key],0)),"-") -> CE | L45: =IFERROR(INDEX(tblCourses[Semester],MATCH(SMALL(tblCourses[Rank Key],$I45),tblCourses[Rank Key],0)),"-") -> 3 | M45: =IFERROR(INDEX(tblCourses[Pass Rate],MATCH(SMALL(tblCourses[Rank Key],$I45),tblCourses[Rank Key],0)),"-") -> 0.80392157 | N45: =IFERROR(INDEX(tblCourses[Rating],MATCH(SMALL(tblCourses[Rank Key],$I45),tblCourses[Rank Key],0)),"-") -> 4.05
B46: 3 | C46: =IFERROR(INDEX(tblCourses[Course Name],MATCH(LARGE(tblCourses[Rank Key],$B46),tblCourses[Rank Key],0)),"-") -> Analog Circuits | D46: =IFERROR(INDEX(tblCourses[Branch],MATCH(LARGE(tblCourses[Rank Key],$B46),tblCourses[Rank Key],0)),"-") -> ECE | E46: =IFERROR(INDEX(tblCourses[Semester],MATCH(LARGE(tblCourses[Rank Key],$B46),tblCourses[Rank Key],0)),"-") -> 3 | F46: =IFERROR(INDEX(tblCourses[Pass Rate],MATCH(LARGE(tblCourses[Rank Key],$B46),tblCourses[Rank Key],0)),"-") -> 0.95833333 | G46: =IFERROR(INDEX(tblCourses[Rating],MATCH(LARGE(tblCourses[Rank Key],$B46),tblCourses[Rank Key],0)),"-") -> 3.92 | I46: 3 | J46: =IFERROR(INDEX(tblCourses[Course Name],MATCH(SMALL(tblCourses[Rank Key],$I46),tblCourses[Rank Key],0)),"-") -> Software Engineering | K46: =IFERROR(INDEX(tblCourses[Branch],MATCH(SMALL(tblCourses[Rank Key],$I46),tblCourses[Rank Key],0)),"-") -> IT | L46: =IFERROR(INDEX(tblCourses[Semester],MATCH(SMALL(tblCourses[Rank Key],$I46),tblCourses[Rank Key],0)),"-") -> 5 | M46: =IFERROR(INDEX(tblCourses[Pass Rate],MATCH(SMALL(tblCourses[Rank Key],$I46),tblCourses[Rank Key],0)),"-") -> 0.81967213 | N46: =IFERROR(INDEX(tblCourses[Rating],MATCH(SMALL(tblCourses[Rank Key],$I46),tblCourses[Rank Key],0)),"-") -> 4.01
B47: 4 | C47: =IFERROR(INDEX(tblCourses[Course Name],MATCH(LARGE(tblCourses[Rank Key],$B47),tblCourses[Rank Key],0)),"-") -> Environmental Engineering | D47: =IFERROR(INDEX(tblCourses[Branch],MATCH(LARGE(tblCourses[Rank Key],$B47),tblCourses[Rank Key],0)),"-") -> CE | E47: =IFERROR(INDEX(tblCourses[Semester],MATCH(LARGE(tblCourses[Rank Key],$B47),tblCourses[Rank Key],0)),"-") -> 7 | F47: =IFERROR(INDEX(tblCourses[Pass Rate],MATCH(LARGE(tblCourses[Rank Key],$B47),tblCourses[Rank Key],0)),"-") -> 0.95454545 | G47: =IFERROR(INDEX(tblCourses[Rating],MATCH(LARGE(tblCourses[Rank Key],$B47),tblCourses[Rank Key],0)),"-") -> 4.01 | I47: 4 | J47: =IFERROR(INDEX(tblCourses[Course Name],MATCH(SMALL(tblCourses[Rank Key],$I47),tblCourses[Rank Key],0)),"-") -> Digital Signal Processing | K47: =IFERROR(INDEX(tblCourses[Branch],MATCH(SMALL(tblCourses[Rank Key],$I47),tblCourses[Rank Key],0)),"-") -> ECE | L47: =IFERROR(INDEX(tblCourses[Semester],MATCH(SMALL(tblCourses[Rank Key],$I47),tblCourses[Rank Key],0)),"-") -> 5 | M47: =IFERROR(INDEX(tblCourses[Pass Rate],MATCH(SMALL(tblCourses[Rank Key],$I47),tblCourses[Rank Key],0)),"-") -> 0.82608696 | N47: =IFERROR(INDEX(tblCourses[Rating],MATCH(SMALL(tblCourses[Rank Key],$I47),tblCourses[Rank Key],0)),"-") -> 3.95
B48: 5 | C48: =IFERROR(INDEX(tblCourses[Course Name],MATCH(LARGE(tblCourses[Rank Key],$B48),tblCourses[Rank Key],0)),"-") -> Operating Systems | D48: =IFERROR(INDEX(tblCourses[Branch],MATCH(LARGE(tblCourses[Rank Key],$B48),tblCourses[Rank Key],0)),"-") -> CSE | E48: =IFERROR(INDEX(tblCourses[Semester],MATCH(LARGE(tblCourses[Rank Key],$B48),tblCourses[Rank Key],0)),"-") -> 4 | F48: =IFERROR(INDEX(tblCourses[Pass Rate],MATCH(LARGE(tblCourses[Rank Key],$B48),tblCourses[Rank Key],0)),"-") -> 0.95384615 | G48: =IFERROR(INDEX(tblCourses[Rating],MATCH(LARGE(tblCourses[Rank Key],$B48),tblCourses[Rank Key],0)),"-") -> 3.96 | I48: 5 | J48: =IFERROR(INDEX(tblCourses[Course Name],MATCH(SMALL(tblCourses[Rank Key],$I48),tblCourses[Rank Key],0)),"-") -> Data Structures | K48: =IFERROR(INDEX(tblCourses[Branch],MATCH(SMALL(tblCourses[Rank Key],$I48),tblCourses[Rank Key],0)),"-") -> CSE | L48: =IFERROR(INDEX(tblCourses[Semester],MATCH(SMALL(tblCourses[Rank Key],$I48),tblCourses[Rank Key],0)),"-") -> 3 | M48: =IFERROR(INDEX(tblCourses[Pass Rate],MATCH(SMALL(tblCourses[Rank Key],$I48),tblCourses[Rank Key],0)),"-") -> 0.8490566 | N48: =IFERROR(INDEX(tblCourses[Rating],MATCH(SMALL(tblCourses[Rank Key],$I48),tblCourses[Rank Key],0)),"-") -> 4.36
B49: 6 | C49: =IFERROR(INDEX(tblCourses[Course Name],MATCH(LARGE(tblCourses[Rank Key],$B49),tblCourses[Rank Key],0)),"-") -> Data Analytics Lab | D49: =IFERROR(INDEX(tblCourses[Branch],MATCH(LARGE(tblCourses[Rank Key],$B49),tblCourses[Rank Key],0)),"-") -> IT | E49: =IFERROR(INDEX(tblCourses[Semester],MATCH(LARGE(tblCourses[Rank Key],$B49),tblCourses[Rank Key],0)),"-") -> 6 | F49: =IFERROR(INDEX(tblCourses[Pass Rate],MATCH(LARGE(tblCourses[Rank Key],$B49),tblCourses[Rank Key],0)),"-") -> 0.953125 | G49: =IFERROR(INDEX(tblCourses[Rating],MATCH(LARGE(tblCourses[Rank Key],$B49),tblCourses[Rank Key],0)),"-") -> 3.95 | I49: 6 | J49: =IFERROR(INDEX(tblCourses[Course Name],MATCH(SMALL(tblCourses[Rank Key],$I49),tblCourses[Rank Key],0)),"-") -> VLSI Design | K49: =IFERROR(INDEX(tblCourses[Branch],MATCH(SMALL(tblCourses[Rank Key],$I49),tblCourses[Rank Key],0)),"-") -> ECE | L49: =IFERROR(INDEX(tblCourses[Semester],MATCH(SMALL(tblCourses[Rank Key],$I49),tblCourses[Rank Key],0)),"-") -> 6 | M49: =IFERROR(INDEX(tblCourses[Pass Rate],MATCH(SMALL(tblCourses[Rank Key],$I49),tblCourses[Rank Key],0)),"-") -> 0.85 | N49: =IFERROR(INDEX(tblCourses[Rating],MATCH(SMALL(tblCourses[Rank Key],$I49),tblCourses[Rank Key],0)),"-") -> 3.57
B50: 7 | C50: =IFERROR(INDEX(tblCourses[Course Name],MATCH(LARGE(tblCourses[Rank Key],$B50),tblCourses[Rank Key],0)),"-") -> Database Management Systems | D50: =IFERROR(INDEX(tblCourses[Branch],MATCH(LARGE(tblCourses[Rank Key],$B50),tblCourses[Rank Key],0)),"-") -> CSE | E50: =IFERROR(INDEX(tblCourses[Semester],MATCH(LARGE(tblCourses[Rank Key],$B50),tblCourses[Rank Key],0)),"-") -> 4 | F50: =IFERROR(INDEX(tblCourses[Pass Rate],MATCH(LARGE(tblCourses[Rank Key],$B50),tblCourses[Rank Key],0)),"-") -> 0.95081967 | G50: =IFERROR(INDEX(tblCourses[Rating],MATCH(LARGE(tblCourses[Rank Key],$B50),tblCourses[Rank Key],0)),"-") -> 4.29 | I50: 7 | J50: =IFERROR(INDEX(tblCourses[Course Name],MATCH(SMALL(tblCourses[Rank Key],$I50),tblCourses[Rank Key],0)),"-") -> Machine Design | K50: =IFERROR(INDEX(tblCourses[Branch],MATCH(SMALL(tblCourses[Rank Key],$I50),tblCourses[Rank Key],0)),"-") -> ME | L50: =IFERROR(INDEX(tblCourses[Semester],MATCH(SMALL(tblCourses[Rank Key],$I50),tblCourses[Rank Key],0)),"-") -> 5 | M50: =IFERROR(INDEX(tblCourses[Pass Rate],MATCH(SMALL(tblCourses[Rank Key],$I50),tblCourses[Rank Key],0)),"-") -> 0.85964912 | N50: =IFERROR(INDEX(tblCourses[Rating],MATCH(SMALL(tblCourses[Rank Key],$I50),tblCourses[Rank Key],0)),"-") -> 3.81
B51: 8 | C51: =IFERROR(INDEX(tblCourses[Course Name],MATCH(LARGE(tblCourses[Rank Key],$B51),tblCourses[Rank Key],0)),"-") -> Communication Systems | D51: =IFERROR(INDEX(tblCourses[Branch],MATCH(LARGE(tblCourses[Rank Key],$B51),tblCourses[Rank Key],0)),"-") -> ECE | E51: =IFERROR(INDEX(tblCourses[Semester],MATCH(LARGE(tblCourses[Rank Key],$B51),tblCourses[Rank Key],0)),"-") -> 5 | F51: =IFERROR(INDEX(tblCourses[Pass Rate],MATCH(LARGE(tblCourses[Rank Key],$B51),tblCourses[Rank Key],0)),"-") -> 0.93548387 | G51: =IFERROR(INDEX(tblCourses[Rating],MATCH(LARGE(tblCourses[Rank Key],$B51),tblCourses[Rank Key],0)),"-") -> 4.62 | I51: 8 | J51: =IFERROR(INDEX(tblCourses[Course Name],MATCH(SMALL(tblCourses[Rank Key],$I51),tblCourses[Rank Key],0)),"-") -> Transportation Engineering | K51: =IFERROR(INDEX(tblCourses[Branch],MATCH(SMALL(tblCourses[Rank Key],$I51),tblCourses[Rank Key],0)),"-") -> CE | L51: =IFERROR(INDEX(tblCourses[Semester],MATCH(SMALL(tblCourses[Rank Key],$I51),tblCourses[Rank Key],0)),"-") -> 6 | M51: =IFERROR(INDEX(tblCourses[Pass Rate],MATCH(SMALL(tblCourses[Rank Key],$I51),tblCourses[Rank Key],0)),"-") -> 0.86567164 | N51: =IFERROR(INDEX(tblCourses[Rating],MATCH(SMALL(tblCourses[Rank Key],$I51),tblCourses[Rank Key],0)),"-") -> 4.8
B52: 9 | C52: =IFERROR(INDEX(tblCourses[Course Name],MATCH(LARGE(tblCourses[Rank Key],$B52),tblCourses[Rank Key],0)),"-") -> Cloud Computing | D52: =IFERROR(INDEX(tblCourses[Branch],MATCH(LARGE(tblCourses[Rank Key],$B52),tblCourses[Rank Key],0)),"-") -> IT | E52: =IFERROR(INDEX(tblCourses[Semester],MATCH(LARGE(tblCourses[Rank Key],$B52),tblCourses[Rank Key],0)),"-") -> 6 | F52: =IFERROR(INDEX(tblCourses[Pass Rate],MATCH(LARGE(tblCourses[Rank Key],$B52),tblCourses[Rank Key],0)),"-") -> 0.93478261 | G52: =IFERROR(INDEX(tblCourses[Rating],MATCH(LARGE(tblCourses[Rank Key],$B52),tblCourses[Rank Key],0)),"-") -> 3.94 | I52: 9 | J52: =IFERROR(INDEX(tblCourses[Course Name],MATCH(SMALL(tblCourses[Rank Key],$I52),tblCourses[Rank Key],0)),"-") -> Microprocessors Lab | K52: =IFERROR(INDEX(tblCourses[Branch],MATCH(SMALL(tblCourses[Rank Key],$I52),tblCourses[Rank Key],0)),"-") -> ECE | L52: =IFERROR(INDEX(tblCourses[Semester],MATCH(SMALL(tblCourses[Rank Key],$I52),tblCourses[Rank Key],0)),"-") -> 4 | M52: =IFERROR(INDEX(tblCourses[Pass Rate],MATCH(SMALL(tblCourses[Rank Key],$I52),tblCourses[Rank Key],0)),"-") -> 0.87142857 | N52: =IFERROR(INDEX(tblCourses[Rating],MATCH(SMALL(tblCourses[Rank Key],$I52),tblCourses[Rank Key],0)),"-") -> 3.54
B53: 10 | C53: =IFERROR(INDEX(tblCourses[Course Name],MATCH(LARGE(tblCourses[Rank Key],$B53),tblCourses[Rank Key],0)),"-") -> Fluid Mechanics | D53: =IFERROR(INDEX(tblCourses[Branch],MATCH(LARGE(tblCourses[Rank Key],$B53),tblCourses[Rank Key],0)),"-") -> ME | E53: =IFERROR(INDEX(tblCourses[Semester],MATCH(LARGE(tblCourses[Rank Key],$B53),tblCourses[Rank Key],0)),"-") -> 4 | F53: =IFERROR(INDEX(tblCourses[Pass Rate],MATCH(LARGE(tblCourses[Rank Key],$B53),tblCourses[Rank Key],0)),"-") -> 0.92647059 | G53: =IFERROR(INDEX(tblCourses[Rating],MATCH(LARGE(tblCourses[Rank Key],$B53),tblCourses[Rank Key],0)),"-") -> 4.16 | I53: 10 | J53: =IFERROR(INDEX(tblCourses[Course Name],MATCH(SMALL(tblCourses[Rank Key],$I53),tblCourses[Rank Key],0)),"-") -> Heat Transfer | K53: =IFERROR(INDEX(tblCourses[Branch],MATCH(SMALL(tblCourses[Rank Key],$I53),tblCourses[Rank Key],0)),"-") -> ME | L53: =IFERROR(INDEX(tblCourses[Semester],MATCH(SMALL(tblCourses[Rank Key],$I53),tblCourses[Rank Key],0)),"-") -> 5 | M53: =IFERROR(INDEX(tblCourses[Pass Rate],MATCH(SMALL(tblCourses[Rank Key],$I53),tblCourses[Rank Key],0)),"-") -> 0.875 | N53: =IFERROR(INDEX(tblCourses[Rating],MATCH(SMALL(tblCourses[Rank Key],$I53),tblCourses[Rank Key],0)),"-") -> 4.03
B55: Pass rate = students passed ÷ students enrolled. Ranks respect the active filters; with fewer than 10 matching courses the remaining rows show '-'.

Sheet Students
A1: Student Performance Data | tblStudents
A2: « Back to Overview
A3: Navy header = input column (type or paste data) | Teal header = formula column (fills automatically, do not overwrite)
A4: StudentID | B4: Student Name | C4: Gender | D4: Branch | E4: Semester | F4: Year | G4: Internal Marks | H4: External Marks | I4: Total Marks | J4: Result | K4: Grade | L4: SGPA | M4: Rank Key
A5: STU1001 | B5: Shubham Chatterjee | C5: M | D5: IT | E5: 2 | F5: 2024 | G5: 29 | H5: 44 | I5: =tblStudents[[#This Row],[Internal Marks]]+tblStudents[[#This Row],[External Marks]] -> 73 | J5: =IF(AND(tblStudents[[#This Row],[Total Marks]]>=p_PassTotal,tblStudents[[#This Row],[External Marks]]>=p_PassExt),"Pass","Fail") -> Pass | K5: =IF(tblStudents[[#This Row],[Result]]="Fail","F",INDEX(Lists!$J$4:$J$11,MATCH(tblStudents[[#This Row],[Total Marks]],Lists!$I$4:$I$11,1))) -> A | L5: =IF(tblStudents[[#This Row],[Result]]="Pass",ROUND(MIN(10,tblStudents[[#This Row],[Total Marks]]/p_SgpaDiv),2),0) -> 7.68 | M5: =IF(COUNTIFS(tblStudents[[#This Row],[Branch]],cSt_B,tblStudents[[#This Row],[Semester]],cSt_S,tblStudents[[#This Row],[Year]],cSt_Y)=1,tblStudents[[#This Row],[Total Marks]]+ROW()/1000000,"") -> 73.000005
A6: STU1002 | B6: Srishti Tyagi | C6: F | D6: CSE | E6: 2 | F6: 2023 | G6: 30 | H6: 22 | I6: =tblStudents[[#This Row],[Internal Marks]]+tblStudents[[#This Row],[External Marks]] -> 52 | J6: =IF(AND(tblStudents[[#This Row],[Total Marks]]>=p_PassTotal,tblStudents[[#This Row],[External Marks]]>=p_PassExt),"Pass","Fail") -> Fail | K6: =IF(tblStudents[[#This Row],[Result]]="Fail","F",INDEX(Lists!$J$4:$J$11,MATCH(tblStudents[[#This Row],[Total Marks]],Lists!$I$4:$I$11,1))) -> F | L6: =IF(tblStudents[[#This Row],[Result]]="Pass",ROUND(MIN(10,tblStudents[[#This Row],[Total Marks]]/p_SgpaDiv),2),0) -> 0 | M6: =IF(COUNTIFS(tblStudents[[#This Row],[Branch]],cSt_B,tblStudents[[#This Row],[Semester]],cSt_S,tblStudents[[#This Row],[Year]],cSt_Y)=1,tblStudents[[#This Row],[Total Marks]]+ROW()/1000000,"") -> 52.000006
A7: STU1003 | B7: Pallavi Srivastava | C7: F | D7: ECE | E7: 6 | F7: 2025 | G7: 20 | H7: 49 | I7: =tblStudents[[#This Row],[Internal Marks]]+tblStudents[[#This Row],[External Marks]] -> 69 | J7: =IF(AND(tblStudents[[#This Row],[Total Marks]]>=p_PassTotal,tblStudents[[#This Row],[External Marks]]>=p_PassExt),"Pass","Fail") -> Pass | K7: =IF(tblStudents[[#This Row],[Result]]="Fail","F",INDEX(Lists!$J$4:$J$11,MATCH(tblStudents[[#This Row],[Total Marks]],Lists!$I$4:$I$11,1))) -> B+ | L7: =IF(tblStudents[[#This Row],[Result]]="Pass",ROUND(MIN(10,tblStudents[[#This Row],[Total Marks]]/p_SgpaDiv),2),0) -> 7.26 | M7: =IF(COUNTIFS(tblStudents[[#This Row],[Branch]],cSt_B,tblStudents[[#This Row],[Semester]],cSt_S,tblStudents[[#This Row],[Year]],cSt_Y)=1,tblStudents[[#This Row],[Total Marks]]+ROW()/1000000,"") -> 69.000007
A8: STU1004 | B8: Komal Shah | C8: F | D8: CSE | E8: 5 | F8: 2023 | G8: 30 | H8: 39 | I8: =tblStudents[[#This Row],[Internal Marks]]+tblStudents[[#This Row],[External Marks]] -> 69 | J8: =IF(AND(tblStudents[[#This Row],[Total Marks]]>=p_PassTotal,tblStudents[[#This Row],[External Marks]]>=p_PassExt),"Pass","Fail") -> Pass | K8: =IF(tblStudents[[#This Row],[Result]]="Fail","F",INDEX(Lists!$J$4:$J$11,MATCH(tblStudents[[#This Row],[Total Marks]],Lists!$I$4:$I$11,1))) -> B+ | L8: =IF(tblStudents[[#This Row],[Result]]="Pass",ROUND(MIN(10,tblStudents[[#This Row],[Total Marks]]/p_SgpaDiv),2),0) -> 7.26 | M8: =IF(COUNTIFS(tblStudents[[#This Row],[Branch]],cSt_B,tblStudents[[#This Row],[Semester]],cSt_S,tblStudents[[#This Row],[Year]],cSt_Y)=1,tblStudents[[#This Row],[Total Marks]]+ROW()/1000000,"") -> 69.000008
A9: STU1005 | B9: Saurabh Dubey | C9: M | D9: ME | E9: 2 | F9: 2026 | G9: 20 | H9: 21 | I9: =tblStudents[[#This Row],[Internal Marks]]+tblStudents[[#This Row],[External Marks]] -> 41 | J9: =IF(AND(tblStudents[[#This Row],[Total Marks]]>=p_PassTotal,tblStudents[[#This Row],[External Marks]]>=p_PassExt),"Pass","Fail") -> Fail | K9: =IF(tblStudents[[#This Row],[Result]]="Fail","F",INDEX(Lists!$J$4:$J$11,MATCH(tblStudents[[#This Row],[Total Marks]],Lists!$I$4:$I$11,1))) -> F | L9: =IF(tblStudents[[#This Row],[Result]]="Pass",ROUND(MIN(10,tblStudents[[#This Row],[Total Marks]]/p_SgpaDiv),2),0) -> 0 | M9: =IF(COUNTIFS(tblStudents[[#This Row],[Branch]],cSt_B,tblStudents[[#This Row],[Semester]],cSt_S,tblStudents[[#This Row],[Year]],cSt_Y)=1,tblStudents[[#This Row],[Total Marks]]+ROW()/1000000,"") -> 41.000009
A10: STU1006 | B10: Garima Thakur | C10: F | D10: IT | E10: 8 | F10: 2023 | G10: 21 | H10: 32 | I10: =tblStudents[[#This Row],[Internal Marks]]+tblStudents[[#This Row],[External Marks]] -> 53 | J10: =IF(AND(tblStudents[[#This Row],[Total Marks]]>=p_PassTotal,tblStudents[[#This Row],[External Marks]]>=p_PassExt),"Pass","Fail") -> Pass | K10: =IF(tblStudents[[#This Row],[Result]]="Fail","F",INDEX(Lists!$J$4:$J$11,MATCH(tblStudents[[#This Row],[Total Marks]],Lists!$I$4:$I$11,1))) -> B | L10: =IF(tblStudents[[#This Row],[Result]]="Pass",ROUND(MIN(10,tblStudents[[#This Row],[Total Marks]]/p_SgpaDiv),2),0) -> 5.58 | M10: =IF(COUNTIFS(tblStudents[[#This Row],[Branch]],cSt_B,tblStudents[[#This Row],[Semester]],cSt_S,tblStudents[[#This Row],[Year]],cSt_Y)=1,tblStudents[[#This Row],[Total Marks]]+ROW()/1000000,"") -> 53.00001
A11: STU1007 | B11: Parth Patel | C11: M | D11: ECE | E11: 8 | F11: 2024 | G11: 27 | H11: 41 | I11: =tblStudents[[#This Row],[Internal Marks]]+tblStudents[[#This Row],[External Marks]] -> 68 | J11: =IF(AND(tblStudents[[#This Row],[Total Marks]]>=p_PassTotal,tblStudents[[#This Row],[External Marks]]>=p_PassExt),"Pass","Fail") -> Pass | K11: =IF(tblStudents[[#This Row],[Result]]="Fail","F",INDEX(Lists!$J$4:$J$11,MATCH(tblStudents[[#This Row],[Total Marks]],Lists!$I$4:$I$11,1))) -> B+ | L11: =IF(tblStudents[[#This Row],[Result]]="Pass",ROUND(MIN(10,tblStudents[[#This Row],[Total Marks]]/p_SgpaDiv),2),0) -> 7.16 | M11: =IF(COUNTIFS(tblStudents[[#This Row],[Branch]],cSt_B,tblStudents[[#This Row],[Semester]],cSt_S,tblStudents[[#This Row],[Year]],cSt_Y)=1,tblStudents[[#This Row],[Total Marks]]+ROW()/1000000,"") -> 68.000011
A12: STU1008 | B12: Tanya Iyer | C12: F | D12: CE | E12: 5 | F12: 2026 | G12: 22 | H12: 21 | I12: =tblStudents[[#This Row],[Internal Marks]]+tblStudents[[#This Row],[External Marks]] -> 43 | J12: =IF(AND(tblStudents[[#This Row],[Total Marks]]>=p_PassTotal,tblStudents[[#This Row],[External Marks]]>=p_PassExt),"Pass","Fail") -> Fail | K12: =IF(tblStudents[[#This Row],[Result]]="Fail","F",INDEX(Lists!$J$4:$J$11,MATCH(tblStudents[[#This Row],[Total Marks]],Lists!$I$4:$I$11,1))) -> F | L12: =IF(tblStudents[[#This Row],[Result]]="Pass",ROUND(MIN(10,tblStudents[[#This Row],[Total Marks]]/p_SgpaDiv),2),0) -> 0 | M12: =IF(COUNTIFS(tblStudents[[#This Row],[Branch]],cSt_B,tblStudents[[#This Row],[Semester]],cSt_S,tblStudents[[#This Row],[Year]],cSt_Y)=1,tblStudents[[#This Row],[Total Marks]]+ROW()/1000000,"") -> 43.000012
A13: STU1009 | B13: Ananya Gupta | C13: F | D13: CSE | E13: 8 | F13: 2026 | G13: 28 | H13: 38 | I13: =tblStudents[[#This Row],[Internal Marks]]+tblStudents[[#This Row],[External Marks]] -> 66 | J13: =IF(AND(tblStudents[[#This Row],[Total Marks]]>=p_PassTotal,tblStudents[[#This Row],[External Marks]]>=p_PassExt),"Pass","Fail") -> Pass | K13: =IF(tblStudents[[#This Row],[Result]]="Fail","F",INDEX(Lists!$J$4:$J$11,MATCH(tblStudents[[#This Row],[Total Marks]],Lists!$I$4:$I$11,1))) -> B+ | L13: =IF(tblStudents[[#This Row],[Result]]="Pass",ROUND(MIN(10,tblStudents[[#This Row],[Total Marks]]/p_SgpaDiv),2),0) -> 6.95 | M13: =IF(COUNTIFS(tblStudents[[#This Row],[Branch]],cSt_B,tblStudents[[#This Row],[Semester]],cSt_S,tblStudents[[#This Row],[Year]],cSt_Y)=1,tblStudents[[#This Row],[Total Marks]]+ROW()/1000000,"") -> 66.000013
A14: STU1010 | B14: Ritika Siddiqui | C14: F | D14: CE | E14: 1 | F14: 2025 | G14: 20 | H14: 42 | I14: =tblStudents[[#This Row],[Internal Marks]]+tblStudents[[#This Row],[External Marks]] -> 62 | J14: =IF(AND(tblStudents[[#This Row],[Total Marks]]>=p_PassTotal,tblStudents[[#This Row],[External Marks]]>=p_PassExt),"Pass","Fail") -> Pass | K14: =IF(tblStudents[[#This Row],[Result]]="Fail","F",INDEX(Lists!$J$4:$J$11,MATCH(tblStudents[[#This Row],[Total Marks]],Lists!$I$4:$I$11,1))) -> B+ | L14: =IF(tblStudents[[#This Row],[Result]]="Pass",ROUND(MIN(10,tblStudents[[#This Row],[Total Marks]]/p_SgpaDiv),2),0) -> 6.53 | M14: =IF(COUNTIFS(tblStudents[[#This Row],[Branch]],cSt_B,tblStudents[[#This Row],[Semester]],cSt_S,tblStudents[[#This Row],[Year]],cSt_Y)=1,tblStudents[[#This Row],[Total Marks]]+ROW()/1000000,"") -> 62.000014
A15: STU1011 | B15: Srishti Chauhan | C15: F | D15: IT | E15: 8 | F15: 2023 | G15: 18 | H15: 29 | I15: =tblStudents[[#This Row],[Internal Marks]]+tblStudents[[#This Row],[External Marks]] -> 47 | J15: =IF(AND(tblStudents[[#This Row],[Total Marks]]>=p_PassTotal,tblStudents[[#This Row],[External Marks]]>=p_PassExt),"Pass","Fail") -> Pass | K15: =IF(tblStudents[[#This Row],[Result]]="Fail","F",INDEX(Lists!$J$4:$J$11,MATCH(tblStudents[[#This Row],[Total Marks]],Lists!$I$4:$I$11,1))) -> C | L15: =IF(tblStudents[[#This Row],[Result]]="Pass",ROUND(MIN(10,tblStudents[[#This Row],[Total Marks]]/p_SgpaDiv),2),0) -> 4.95 | M15: =IF(COUNTIFS(tblStudents[[#This Row],[Branch]],cSt_B,tblStudents[[#This Row],[Semester]],cSt_S,tblStudents[[#This Row],[Year]],cSt_Y)=1,tblStudents[[#This Row],[Total Marks]]+ROW()/1000000,"") -> 47.000015
A16: STU1012 | B16: Sachin Sharma | C16: M | D16: CSE | E16: 8 | F16: 2023 | G16: 28 | H16: 45 | I16: =tblStudents[[#This Row],[Internal Marks]]+tblStudents[[#This Row],[External Marks]] -> 73 | J16: =IF(AND(tblStudents[[#This Row],[Total Marks]]>=p_PassTotal,tblStudents[[#This Row],[External Marks]]>=p_PassExt),"Pass","Fail") -> Pass | K16: =IF(tblStudents[[#This Row],[Result]]="Fail","F",INDEX(Lists!$J$4:$J$11,MATCH(tblStudents[[#This Row],[Total Marks]],Lists!$I$4:$I$11,1))) -> A | L16: =IF(tblStudents[[#This Row],[Result]]="Pass",ROUND(MIN(10,tblStudents[[#This Row],[Total Marks]]/p_SgpaDiv),2),0) -> 7.68 | M16: =IF(COUNTIFS(tblStudents[[#This Row],[Branch]],cSt_B,tblStudents[[#This Row],[Semester]],cSt_S,tblStudents[[#This Row],[Year]],cSt_Y)=1,tblStudents[[#This Row],[Total Marks]]+ROW()/1000000,"") -> 73.000016
... A244: STU1240 | B244: Nikhil Nair | C244: M | D244: ECE | E244: 7 | F244: 2026 | G244: 31 | H244: 44 | I244: =tblStudents[[#This Row],[Internal Marks]]+tblStudents[[#This Row],[External Marks]] -> 75 | J244: =IF(AND(tblStudents[[#This Row],[Total Marks]]>=p_PassTotal,tblStudents[[#This Row],[External Marks]]>=p_PassExt),"Pass","Fail") -> Pass | K244: =IF(tblStudents[[#This Row],[Result]]="Fail","F",INDEX(Lists!$J$4:$J$11,MATCH(tblStudents[[#This Row],[Total Marks]],Lists!$I$4:$I$11,1))) -> A | L244: =IF(tblStudents[[#This Row],[Result]]="Pass",ROUND(MIN(10,tblStudents[[#This Row],[Total Marks]]/p_SgpaDiv),2),0) -> 7.89 | M244: =IF(COUNTIFS(tblStudents[[#This Row],[Branch]],cSt_B,tblStudents[[#This Row],[Semester]],cSt_S,tblStudents[[#This Row],[Year]],cSt_Y)=1,tblStudents[[#This Row],[Total Marks]]+ROW()/1000000,"") -> 75.000244

Sheet Attendance
A1: Attendance Data | tblAttendance
A2: « Back to Overview
A3: Navy header = input column (type or paste data) | Teal header = formula column (fills automatically, do not overwrite)
A4: StudentID | B4: Student Name | C4: Branch | D4: Semester | E4: Year | F4: Classes Held | G4: Classes Attended | H4: Attendance % | I4: Status | J4: Total Marks | K4: Rank Key
A5: STU1001 | B5: =IFERROR(INDEX(tblStudents[Student Name],MATCH(tblAttendance[[#This Row],[StudentID]],tblStudents[StudentID],0)),"Unknown") -> Shubham Chatterjee | C5: =IFERROR(INDEX(tblStudents[Branch],MATCH(tblAttendance[[#This Row],[StudentID]],tblStudents[StudentID],0)),"Unknown") -> IT | D5: =IFERROR(INDEX(tblStudents[Semester],MATCH(tblAttendance[[#This Row],[StudentID]],tblStudents[StudentID],0)),"Unknown") -> 2 | E5: =IFERROR(INDEX(tblStudents[Year],MATCH(tblAttendance[[#This Row],[StudentID]],tblStudents[StudentID],0)),"Unknown") -> 2024 | F5: 179 | G5: 163 | H5: =IFERROR(tblAttendance[[#This Row],[Classes Attended]]/tblAttendance[[#This Row],[Classes Held]],0) -> 0.91061453 | I5: =IF(tblAttendance[[#This Row],[Attendance %]]>=p_AttExc,"Excellent",IF(tblAttendance[[#This Row],[Attendance %]]>=p_AttGood,"Good",IF(tblAttendance[[#This Row],[Attendance %]]>=p_AttMin,"Satisfactory","Shortage"))) -> Excellent | J5: =IFERROR(INDEX(tblStudents[Total Marks],MATCH(tblAttendance[[#This Row],[StudentID]],tblStudents[StudentID],0)),"Unknown") -> 73 | K5: =IF(COUNTIFS(tblAttendance[[#This Row],[Branch]],cAt_B,tblAttendance[[#This Row],[Semester]],cAt_S,tblAttendance[[#This Row],[Year]],cAt_Y)=1,tblAttendance[[#This Row],[Attendance %]]+ROW()/1000000000,"") -> 0.91061453
A6: STU1002 | B6: =IFERROR(INDEX(tblStudents[Student Name],MATCH(tblAttendance[[#This Row],[StudentID]],tblStudents[StudentID],0)),"Unknown") -> Srishti Tyagi | C6: =IFERROR(INDEX(tblStudents[Branch],MATCH(tblAttendance[[#This Row],[StudentID]],tblStudents[StudentID],0)),"Unknown") -> CSE | D6: =IFERROR(INDEX(tblStudents[Semester],MATCH(tblAttendance[[#This Row],[StudentID]],tblStudents[StudentID],0)),"Unknown") -> 2 | E6: =IFERROR(INDEX(tblStudents[Year],MATCH(tblAttendance[[#This Row],[StudentID]],tblStudents[StudentID],0)),"Unknown") -> 2023 | F6: 167 | G6: 124 | H6: =IFERROR(tblAttendance[[#This Row],[Classes Attended]]/tblAttendance[[#This Row],[Classes Held]],0) -> 0.74251497 | I6: =IF(tblAttendance[[#This Row],[Attendance %]]>=p_AttExc,"Excellent",IF(tblAttendance[[#This Row],[Attendance %]]>=p_AttGood,"Good",IF(tblAttendance[[#This Row],[Attendance %]]>=p_AttMin,"Satisfactory","Shortage"))) -> Shortage | J6: =IFERROR(INDEX(tblStudents[Total Marks],MATCH(tblAttendance[[#This Row],[StudentID]],tblStudents[StudentID],0)),"Unknown") -> 52 | K6: =IF(COUNTIFS(tblAttendance[[#This Row],[Branch]],cAt_B,tblAttendance[[#This Row],[Semester]],cAt_S,tblAttendance[[#This Row],[Year]],cAt_Y)=1,tblAttendance[[#This Row],[Attendance %]]+ROW()/1000000000,"") -> 0.74251498
A7: STU1003 | B7: =IFERROR(INDEX(tblStudents[Student Name],MATCH(tblAttendance[[#This Row],[StudentID]],tblStudents[StudentID],0)),"Unknown") -> Pallavi Srivastava | C7: =IFERROR(INDEX(tblStudents[Branch],MATCH(tblAttendance[[#This Row],[StudentID]],tblStudents[StudentID],0)),"Unknown") -> ECE | D7: =IFERROR(INDEX(tblStudents[Semester],MATCH(tblAttendance[[#This Row],[StudentID]],tblStudents[StudentID],0)),"Unknown") -> 6 | E7: =IFERROR(INDEX(tblStudents[Year],MATCH(tblAttendance[[#This Row],[StudentID]],tblStudents[StudentID],0)),"Unknown") -> 2025 | F7: 181 | G7: 179 | H7: =IFERROR(tblAttendance[[#This Row],[Classes Attended]]/tblAttendance[[#This Row],[Classes Held]],0) -> 0.98895028 | I7: =IF(tblAttendance[[#This Row],[Attendance %]]>=p_AttExc,"Excellent",IF(tblAttendance[[#This Row],[Attendance %]]>=p_AttGood,"Good",IF(tblAttendance[[#This Row],[Attendance %]]>=p_AttMin,"Satisfactory","Shortage"))) -> Excellent | J7: =IFERROR(INDEX(tblStudents[Total Marks],MATCH(tblAttendance[[#This Row],[StudentID]],tblStudents[StudentID],0)),"Unknown") -> 69 | K7: =IF(COUNTIFS(tblAttendance[[#This Row],[Branch]],cAt_B,tblAttendance[[#This Row],[Semester]],cAt_S,tblAttendance[[#This Row],[Year]],cAt_Y)=1,tblAttendance[[#This Row],[Attendance %]]+ROW()/1000000000,"") -> 0.98895028
A8: STU1004 | B8: =IFERROR(INDEX(tblStudents[Student Name],MATCH(tblAttendance[[#This Row],[StudentID]],tblStudents[StudentID],0)),"Unknown") -> Komal Shah | C8: =IFERROR(INDEX(tblStudents[Branch],MATCH(tblAttendance[[#This Row],[StudentID]],tblStudents[StudentID],0)),"Unknown") -> CSE | D8: =IFERROR(INDEX(tblStudents[Semester],MATCH(tblAttendance[[#This Row],[StudentID]],tblStudents[StudentID],0)),"Unknown") -> 5 | E8: =IFERROR(INDEX(tblStudents[Year],MATCH(tblAttendance[[#This Row],[StudentID]],tblStudents[StudentID],0)),"Unknown") -> 2023 | F8: 180 | G8: 174 | H8: =IFERROR(tblAttendance[[#This Row],[Classes Attended]]/tblAttendance[[#This Row],[Classes Held]],0) -> 0.96666667 | I8: =IF(tblAttendance[[#This Row],[Attendance %]]>=p_AttExc,"Excellent",IF(tblAttendance[[#This Row],[Attendance %]]>=p_AttGood,"Good",IF(tblAttendance[[#This Row],[Attendance %]]>=p_AttMin,"Satisfactory","Shortage"))) -> Excellent | J8: =IFERROR(INDEX(tblStudents[Total Marks],MATCH(tblAttendance[[#This Row],[StudentID]],tblStudents[StudentID],0)),"Unknown") -> 69 | K8: =IF(COUNTIFS(tblAttendance[[#This Row],[Branch]],cAt_B,tblAttendance[[#This Row],[Semester]],cAt_S,tblAttendance[[#This Row],[Year]],cAt_Y)=1,tblAttendance[[#This Row],[Attendance %]]+ROW()/1000000000,"") -> 0.96666667
A9: STU1005 | B9: =IFERROR(INDEX(tblStudents[Student Name],MATCH(tblAttendance[[#This Row],[StudentID]],tblStudents[StudentID],0)),"Unknown") -> Saurabh Dubey | C9: =IFERROR(INDEX(tblStudents[Branch],MATCH(tblAttendance[[#This Row],[StudentID]],tblStudents[StudentID],0)),"Unknown") -> ME | D9: =IFERROR(INDEX(tblStudents[Semester],MATCH(tblAttendance[[#This Row],[StudentID]],tblStudents[StudentID],0)),"Unknown") -> 2 | E9: =IFERROR(INDEX(tblStudents[Year],MATCH(tblAttendance[[#This Row],[StudentID]],tblStudents[StudentID],0)),"Unknown") -> 2026 | F9: 162 | G9: 113 | H9: =IFERROR(tblAttendance[[#This Row],[Classes Attended]]/tblAttendance[[#This Row],[Classes Held]],0) -> 0.69753086 | I9: =IF(tblAttendance[[#This Row],[Attendance %]]>=p_AttExc,"Excellent",IF(tblAttendance[[#This Row],[Attendance %]]>=p_AttGood,"Good",IF(tblAttendance[[#This Row],[Attendance %]]>=p_AttMin,"Satisfactory","Shortage"))) -> Shortage | J9: =IFERROR(INDEX(tblStudents[Total Marks],MATCH(tblAttendance[[#This Row],[StudentID]],tblStudents[StudentID],0)),"Unknown") -> 41 | K9: =IF(COUNTIFS(tblAttendance[[#This Row],[Branch]],cAt_B,tblAttendance[[#This Row],[Semester]],cAt_S,tblAttendance[[#This Row],[Year]],cAt_Y)=1,tblAttendance[[#This Row],[Attendance %]]+ROW()/1000000000,"") -> 0.69753087
A10: STU1006 | B10: =IFERROR(INDEX(tblStudents[Student Name],MATCH(tblAttendance[[#This Row],[StudentID]],tblStudents[StudentID],0)),"Unknown") -> Garima Thakur | C10: =IFERROR(INDEX(tblStudents[Branch],MATCH(tblAttendance[[#This Row],[StudentID]],tblStudents[StudentID],0)),"Unknown") -> IT | D10: =IFERROR(INDEX(tblStudents[Semester],MATCH(tblAttendance[[#This Row],[StudentID]],tblStudents[StudentID],0)),"Unknown") -> 8 | E10: =IFERROR(INDEX(tblStudents[Year],MATCH(tblAttendance[[#This Row],[StudentID]],tblStudents[StudentID],0)),"Unknown") -> 2023 | F10: 179 | G10: 131 | H10: =IFERROR(tblAttendance[[#This Row],[Classes Attended]]/tblAttendance[[#This Row],[Classes Held]],0) -> 0.73184358 | I10: =IF(tblAttendance[[#This Row],[Attendance %]]>=p_AttExc,"Excellent",IF(tblAttendance[[#This Row],[Attendance %]]>=p_AttGood,"Good",IF(tblAttendance[[#This Row],[Attendance %]]>=p_AttMin,"Satisfactory","Shortage"))) -> Shortage | J10: =IFERROR(INDEX(tblStudents[Total Marks],MATCH(tblAttendance[[#This Row],[StudentID]],tblStudents[StudentID],0)),"Unknown") -> 53 | K10: =IF(COUNTIFS(tblAttendance[[#This Row],[Branch]],cAt_B,tblAttendance[[#This Row],[Semester]],cAt_S,tblAttendance[[#This Row],[Year]],cAt_Y)=1,tblAttendance[[#This Row],[Attendance %]]+ROW()/1000000000,"") -> 0.73184359
A11: STU1007 | B11: =IFERROR(INDEX(tblStudents[Student Name],MATCH(tblAttendance[[#This Row],[StudentID]],tblStudents[StudentID],0)),"Unknown") -> Parth Patel | C11: =IFERROR(INDEX(tblStudents[Branch],MATCH(tblAttendance[[#This Row],[StudentID]],tblStudents[StudentID],0)),"Unknown") -> ECE | D11: =IFERROR(INDEX(tblStudents[Semester],MATCH(tblAttendance[[#This Row],[StudentID]],tblStudents[StudentID],0)),"Unknown") -> 8 | E11: =IFERROR(INDEX(tblStudents[Year],MATCH(tblAttendance[[#This Row],[StudentID]],tblStudents[StudentID],0)),"Unknown") -> 2024 | F11: 164 | G11: 133 | H11: =IFERROR(tblAttendance[[#This Row],[Classes Attended]]/tblAttendance[[#This Row],[Classes Held]],0) -> 0.81097561 | I11: =IF(tblAttendance[[#This Row],[Attendance %]]>=p_AttExc,"Excellent",IF(tblAttendance[[#This Row],[Attendance %]]>=p_AttGood,"Good",IF(tblAttendance[[#This Row],[Attendance %]]>=p_AttMin,"Satisfactory","Shortage"))) -> Good | J11: =IFERROR(INDEX(tblStudents[Total Marks],MATCH(tblAttendance[[#This Row],[StudentID]],tblStudents[StudentID],0)),"Unknown") -> 68 | K11: =IF(COUNTIFS(tblAttendance[[#This Row],[Branch]],cAt_B,tblAttendance[[#This Row],[Semester]],cAt_S,tblAttendance[[#This Row],[Year]],cAt_Y)=1,tblAttendance[[#This Row],[Attendance %]]+ROW()/1000000000,"") -> 0.81097562
A12: STU1008 | B12: =IFERROR(INDEX(tblStudents[Student Name],MATCH(tblAttendance[[#This Row],[StudentID]],tblStudents[StudentID],0)),"Unknown") -> Tanya Iyer | C12: =IFERROR(INDEX(tblStudents[Branch],MATCH(tblAttendance[[#This Row],[StudentID]],tblStudents[StudentID],0)),"Unknown") -> CE | D12: =IFERROR(INDEX(tblStudents[Semester],MATCH(tblAttendance[[#This Row],[StudentID]],tblStudents[StudentID],0)),"Unknown") -> 5 | E12: =IFERROR(INDEX(tblStudents[Year],MATCH(tblAttendance[[#This Row],[StudentID]],tblStudents[StudentID],0)),"Unknown") -> 2026 | F12: 177 | G12: 148 | H12: =IFERROR(tblAttendance[[#This Row],[Classes Attended]]/tblAttendance[[#This Row],[Classes Held]],0) -> 0.83615819 | I12: =IF(tblAttendance[[#This Row],[Attendance %]]>=p_AttExc,"Excellent",IF(tblAttendance[[#This Row],[Attendance %]]>=p_AttGood,"Good",IF(tblAttendance[[#This Row],[Attendance %]]>=p_AttMin,"Satisfactory","Shortage"))) -> Good | J12: =IFERROR(INDEX(tblStudents[Total Marks],MATCH(tblAttendance[[#This Row],[StudentID]],tblStudents[StudentID],0)),"Unknown") -> 43 | K12: =IF(COUNTIFS(tblAttendance[[#This Row],[Branch]],cAt_B,tblAttendance[[#This Row],[Semester]],cAt_S,tblAttendance[[#This Row],[Year]],cAt_Y)=1,tblAttendance[[#This Row],[Attendance %]]+ROW()/1000000000,"") -> 0.8361582
A13: STU1009 | B13: =IFERROR(INDEX(tblStudents[Student Name],MATCH(tblAttendance[[#This Row],[StudentID]],tblStudents[StudentID],0)),"Unknown") -> Ananya Gupta | C13: =IFERROR(INDEX(tblStudents[Branch],MATCH(tblAttendance[[#This Row],[StudentID]],tblStudents[StudentID],0)),"Unknown") -> CSE | D13: =IFERROR(INDEX(tblStudents[Semester],MATCH(tblAttendance[[#This Row],[StudentID]],tblStudents[StudentID],0)),"Unknown") -> 8 | E13: =IFERROR(INDEX(tblStudents[Year],MATCH(tblAttendance[[#This Row],[StudentID]],tblStudents[StudentID],0)),"Unknown") -> 2026 | F13: 162 | G13: 144 | H13: =IFERROR(tblAttendance[[#This Row],[Classes Attended]]/tblAttendance[[#This Row],[Classes Held]],0) -> 0.88888889 | I13: =IF(tblAttendance[[#This Row],[Attendance %]]>=p_AttExc,"Excellent",IF(tblAttendance[[#This Row],[Attendance %]]>=p_AttGood,"Good",IF(tblAttendance[[#This Row],[Attendance %]]>=p_AttMin,"Satisfactory","Shortage"))) -> Good | J13: =IFERROR(INDEX(tblStudents[Total Marks],MATCH(tblAttendance[[#This Row],[StudentID]],tblStudents[StudentID],0)),"Unknown") -> 66 | K13: =IF(COUNTIFS(tblAttendance[[#This Row],[Branch]],cAt_B,tblAttendance[[#This Row],[Semester]],cAt_S,tblAttendance[[#This Row],[Year]],cAt_Y)=1,tblAttendance[[#This Row],[Attendance %]]+ROW()/1000000000,"") -> 0.8888889
A14: STU1010 | B14: =IFERROR(INDEX(tblStudents[Student Name],MATCH(tblAttendance[[#This Row],[StudentID]],tblStudents[StudentID],0)),"Unknown") -> Ritika Siddiqui | C14: =IFERROR(INDEX(tblStudents[Branch],MATCH(tblAttendance[[#This Row],[StudentID]],tblStudents[StudentID],0)),"Unknown") -> CE | D14: =IFERROR(INDEX(tblStudents[Semester],MATCH(tblAttendance[[#This Row],[StudentID]],tblStudents[StudentID],0)),"Unknown") -> 1 | E14: =IFERROR(INDEX(tblStudents[Year],MATCH(tblAttendance[[#This Row],[StudentID]],tblStudents[StudentID],0)),"Unknown") -> 2025 | F14: 150 | G14: 118 | H14: =IFERROR(tblAttendance[[#This Row],[Classes Attended]]/tblAttendance[[#This Row],[Classes Held]],0) -> 0.78666667 | I14: =IF(tblAttendance[[#This Row],[Attendance %]]>=p_AttExc,"Excellent",IF(tblAttendance[[#This Row],[Attendance %]]>=p_AttGood,"Good",IF(tblAttendance[[#This Row],[Attendance %]]>=p_AttMin,"Satisfactory","Shortage"))) -> Satisfactory | J14: =IFERROR(INDEX(tblStudents[Total Marks],MATCH(tblAttendance[[#This Row],[StudentID]],tblStudents[StudentID],0)),"Unknown") -> 62 | K14: =IF(COUNTIFS(tblAttendance[[#This Row],[Branch]],cAt_B,tblAttendance[[#This Row],[Semester]],cAt_S,tblAttendance[[#This Row],[Year]],cAt_Y)=1,tblAttendance[[#This Row],[Attendance %]]+ROW()/1000000000,"") -> 0.78666668
A15: STU1011 | B15: =IFERROR(INDEX(tblStudents[Student Name],MATCH(tblAttendance[[#This Row],[StudentID]],tblStudents[StudentID],0)),"Unknown") -> Srishti Chauhan | C15: =IFERROR(INDEX(tblStudents[Branch],MATCH(tblAttendance[[#This Row],[StudentID]],tblStudents[StudentID],0)),"Unknown") -> IT | D15: =IFERROR(INDEX(tblStudents[Semester],MATCH(tblAttendance[[#This Row],[StudentID]],tblStudents[StudentID],0)),"Unknown") -> 8 | E15: =IFERROR(INDEX(tblStudents[Year],MATCH(tblAttendance[[#This Row],[StudentID]],tblStudents[StudentID],0)),"Unknown") -> 2023 | F15: 166 | G15: 144 | H15: =IFERROR(tblAttendance[[#This Row],[Classes Attended]]/tblAttendance[[#This Row],[Classes Held]],0) -> 0.86746988 | I15: =IF(tblAttendance[[#This Row],[Attendance %]]>=p_AttExc,"Excellent",IF(tblAttendance[[#This Row],[Attendance %]]>=p_AttGood,"Good",IF(tblAttendance[[#This Row],[Attendance %]]>=p_AttMin,"Satisfactory","Shortage"))) -> Good | J15: =IFERROR(INDEX(tblStudents[Total Marks],MATCH(tblAttendance[[#This Row],[StudentID]],tblStudents[StudentID],0)),"Unknown") -> 47 | K15: =IF(COUNTIFS(tblAttendance[[#This Row],[Branch]],cAt_B,tblAttendance[[#This Row],[Semester]],cAt_S,tblAttendance[[#This Row],[Year]],cAt_Y)=1,tblAttendance[[#This Row],[Attendance %]]+ROW()/1000000000,"") -> 0.86746989
A16: STU1012 | B16: =IFERROR(INDEX(tblStudents[Student Name],MATCH(tblAttendance[[#This Row],[StudentID]],tblStudents[StudentID],0)),"Unknown") -> Sachin Sharma | C16: =IFERROR(INDEX(tblStudents[Branch],MATCH(tblAttendance[[#This Row],[StudentID]],tblStudents[StudentID],0)),"Unknown") -> CSE | D16: =IFERROR(INDEX(tblStudents[Semester],MATCH(tblAttendance[[#This Row],[StudentID]],tblStudents[StudentID],0)),"Unknown") -> 8 | E16: =IFERROR(INDEX(tblStudents[Year],MATCH(tblAttendance[[#This Row],[StudentID]],tblStudents[StudentID],0)),"Unknown") -> 2023 | F16: 175 | G16: 144 | H16: =IFERROR(tblAttendance[[#This Row],[Classes Attended]]/tblAttendance[[#This Row],[Classes Held]],0) -> 0.82285714 | I16: =IF(tblAttendance[[#This Row],[Attendance %]]>=p_AttExc,"Excellent",IF(tblAttendance[[#This Row],[Attendance %]]>=p_AttGood,"Good",IF(tblAttendance[[#This Row],[Attendance %]]>=p_AttMin,"Satisfactory","Shortage"))) -> Good | J16: =IFERROR(INDEX(tblStudents[Total Marks],MATCH(tblAttendance[[#This Row],[StudentID]],tblStudents[StudentID],0)),"Unknown") -> 73 | K16: =IF(COUNTIFS(tblAttendance[[#This Row],[Branch]],cAt_B,tblAttendance[[#This Row],[Semester]],cAt_S,tblAttendance[[#This Row],[Year]],cAt_Y)=1,tblAttendance[[#This Row],[Attendance %]]+ROW()/1000000000,"") -> 0.82285716
... A244: STU1240 | B244: =IFERROR(INDEX(tblStudents[Student Name],MATCH(tblAttendance[[#This Row],[StudentID]],tblStudents[StudentID],0)),"Unknown") -> Nikhil Nair | C244: =IFERROR(INDEX(tblStudents[Branch],MATCH(tblAttendance[[#This Row],[StudentID]],tblStudents[StudentID],0)),"Unknown") -> ECE | D244: =IFERROR(INDEX(tblStudents[Semester],MATCH(tblAttendance[[#This Row],[StudentID]],tblStudents[StudentID],0)),"Unknown") -> 7 | E244: =IFERROR(INDEX(tblStudents[Year],MATCH(tblAttendance[[#This Row],[StudentID]],tblStudents[StudentID],0)),"Unknown") -> 2026 | F244: 153 | G244: 139 | H244: =IFERROR(tblAttendance[[#This Row],[Classes Attended]]/tblAttendance[[#This Row],[Classes Held]],0) -> 0.90849673 | I244: =IF(tblAttendance[[#This Row],[Attendance %]]>=p_AttExc,"Excellent",IF(tblAttendance[[#This Row],[Attendance %]]>=p_AttGood,"Good",IF(tblAttendance[[#This Row],[Attendance %]]>=p_AttMin,"Satisfactory","Shortage"))) -> Excellent | J244: =IFERROR(INDEX(tblStudents[Total Marks],MATCH(tblAttendance[[#This Row],[StudentID]],tblStudents[StudentID],0)),"Unknown") -> 75 | K244: =IF(COUNTIFS(tblAttendance[[#This Row],[Branch]],cAt_B,tblAttendance[[#This Row],[Semester]],cAt_S,tblAttendance[[#This Row],[Year]],cAt_Y)=1,tblAttendance[[#This Row],[Attendance %]]+ROW()/1000000000,"") -> 0.90849698

Sheet Faculty
A1: Faculty Performance Data | tblFaculty
A2: « Back to Overview
A3: Navy header = input column (type or paste data) | Teal header = formula column (fills automatically, do not overwrite)
A4: FacultyID | B4: Faculty Name | C4: Department | D4: Designation | E4: Year | F4: Experience Yrs | G4: Courses Taught | H4: Student Feedback | I4: Student Pass Rate | J4: Research Papers | K4: Performance Score | L4: Rating | M4: Rank Key
A5: FAC101 | B5: Prof. Prakash Patel | C5: CSE | D5: Assistant Professor | E5: 2026 | F5: 6 | G5: 4 | H5: 4.25 | I5: 0.99 | J5: 6 | K5: =ROUND(tblFaculty[[#This Row],[Student Feedback]]/5*w_Fb+tblFaculty[[#This Row],[Student Pass Rate]]*w_Pass+MIN(tblFaculty[[#This Row],[Research Papers]],p_ResCap)/p_ResCap*w_Res+MIN(tblFaculty[[#This Row],[Experience Yrs]],p_ExpCap)/p_ExpCap*w_Exp,1) -> 78.7 | L5: =IF(tblFaculty[[#This Row],[Performance Score]]>=p_Rate1,"Outstanding",IF(tblFaculty[[#This Row],[Performance Score]]>=p_Rate2,"Very Good",IF(tblFaculty[[#This Row],[Performance Score]]>=p_Rate3,"Good","Needs Improvement"))) -> Very Good | M5: =IF(COUNTIFS(tblFaculty[[#This Row],[Department]],cFa_B,tblFaculty[[#This Row],[Year]],cFa_Y)=1,tblFaculty[[#This Row],[Performance Score]]+ROW()/1000000,"") -> 78.700005
A6: FAC102 | B6: Dr. Mamta Reddy | C6: ECE | D6: Associate Professor | E6: 2023 | F6: 18 | G6: 5 | H6: 4.11 | I6: 0.936 | J6: 8 | K6: =ROUND(tblFaculty[[#This Row],[Student Feedback]]/5*w_Fb+tblFaculty[[#This Row],[Student Pass Rate]]*w_Pass+MIN(tblFaculty[[#This Row],[Research Papers]],p_ResCap)/p_ResCap*w_Res+MIN(tblFaculty[[#This Row],[Experience Yrs]],p_ExpCap)/p_ExpCap*w_Exp,1) -> 86 | L6: =IF(tblFaculty[[#This Row],[Performance Score]]>=p_Rate1,"Outstanding",IF(tblFaculty[[#This Row],[Performance Score]]>=p_Rate2,"Very Good",IF(tblFaculty[[#This Row],[Performance Score]]>=p_Rate3,"Good","Needs Improvement"))) -> Outstanding | M6: =IF(COUNTIFS(tblFaculty[[#This Row],[Department]],cFa_B,tblFaculty[[#This Row],[Year]],cFa_Y)=1,tblFaculty[[#This Row],[Performance Score]]+ROW()/1000000,"") -> 86.000006
A7: FAC103 | B7: Dr. Usha Shah | C7: ME | D7: Associate Professor | E7: 2024 | F7: 16 | G7: 2 | H7: 4.71 | I7: 0.943 | J7: 9 | K7: =ROUND(tblFaculty[[#This Row],[Student Feedback]]/5*w_Fb+tblFaculty[[#This Row],[Student Pass Rate]]*w_Pass+MIN(tblFaculty[[#This Row],[Research Papers]],p_ResCap)/p_ResCap*w_Res+MIN(tblFaculty[[#This Row],[Experience Yrs]],p_ExpCap)/p_ExpCap*w_Exp,1) -> 92 | L7: =IF(tblFaculty[[#This Row],[Performance Score]]>=p_Rate1,"Outstanding",IF(tblFaculty[[#This Row],[Performance Score]]>=p_Rate2,"Very Good",IF(tblFaculty[[#This Row],[Performance Score]]>=p_Rate3,"Good","Needs Improvement"))) -> Outstanding | M7: =IF(COUNTIFS(tblFaculty[[#This Row],[Department]],cFa_B,tblFaculty[[#This Row],[Year]],cFa_Y)=1,tblFaculty[[#This Row],[Performance Score]]+ROW()/1000000,"") -> 92.000007
A8: FAC104 | B8: Dr. Pradeep Srivastava | C8: CE | D8: Professor | E8: 2025 | F8: 22 | G8: 2 | H8: 4.4 | I8: 0.877 | J8: 11 | K8: =ROUND(tblFaculty[[#This Row],[Student Feedback]]/5*w_Fb+tblFaculty[[#This Row],[Student Pass Rate]]*w_Pass+MIN(tblFaculty[[#This Row],[Research Papers]],p_ResCap)/p_ResCap*w_Res+MIN(tblFaculty[[#This Row],[Experience Yrs]],p_ExpCap)/p_ExpCap*w_Exp,1) -> 91.5 | L8: =IF(tblFaculty[[#This Row],[Performance Score]]>=p_Rate1,"Outstanding",IF(tblFaculty[[#This Row],[Performance Score]]>=p_Rate2,"Very Good",IF(tblFaculty[[#This Row],[Performance Score]]>=p_Rate3,"Good","Needs Improvement"))) -> Outstanding | M8: =IF(COUNTIFS(tblFaculty[[#This Row],[Department]],cFa_B,tblFaculty[[#This Row],[Year]],cFa_Y)=1,tblFaculty[[#This Row],[Performance Score]]+ROW()/1000000,"") -> 91.500008
A9: FAC105 | B9: Prof. Sunita Banerjee | C9: IT | D9: Assistant Professor | E9: 2023 | F9: 6 | G9: 4 | H9: 4.51 | I9: 0.967 | J9: 0 | K9: =ROUND(tblFaculty[[#This Row],[Student Feedback]]/5*w_Fb+tblFaculty[[#This Row],[Student Pass Rate]]*w_Pass+MIN(tblFaculty[[#This Row],[Research Papers]],p_ResCap)/p_ResCap*w_Res+MIN(tblFaculty[[#This Row],[Experience Yrs]],p_ExpCap)/p_ExpCap*w_Exp,1) -> 68.1 | L9: =IF(tblFaculty[[#This Row],[Performance Score]]>=p_Rate1,"Outstanding",IF(tblFaculty[[#This Row],[Performance Score]]>=p_Rate2,"Very Good",IF(tblFaculty[[#This Row],[Performance Score]]>=p_Rate3,"Good","Needs Improvement"))) -> Good | M9: =IF(COUNTIFS(tblFaculty[[#This Row],[Department]],cFa_B,tblFaculty[[#This Row],[Year]],cFa_Y)=1,tblFaculty[[#This Row],[Performance Score]]+ROW()/1000000,"") -> 68.100009
A10: FAC106 | B10: Prof. Vinod Thakur | C10: CSE | D10: Assistant Professor | E10: 2023 | F10: 4 | G10: 4 | H10: 3.99 | I10: 0.936 | J10: 0 | K10: =ROUND(tblFaculty[[#This Row],[Student Feedback]]/5*w_Fb+tblFaculty[[#This Row],[Student Pass Rate]]*w_Pass+MIN(tblFaculty[[#This Row],[Research Papers]],p_ResCap)/p_ResCap*w_Res+MIN(tblFaculty[[#This Row],[Experience Yrs]],p_ExpCap)/p_ExpCap*w_Exp,1) -> 62 | L10: =IF(tblFaculty[[#This Row],[Performance Score]]>=p_Rate1,"Outstanding",IF(tblFaculty[[#This Row],[Performance Score]]>=p_Rate2,"Very Good",IF(tblFaculty[[#This Row],[Performance Score]]>=p_Rate3,"Good","Needs Improvement"))) -> Needs Improvement | M10: =IF(COUNTIFS(tblFaculty[[#This Row],[Department]],cFa_B,tblFaculty[[#This Row],[Year]],cFa_Y)=1,tblFaculty[[#This Row],[Performance Score]]+ROW()/1000000,"") -> 62.00001
A11: FAC107 | B11: Prof. Seema Patel | C11: ECE | D11: Assistant Professor | E11: 2026 | F11: 6 | G11: 4 | H11: 3.92 | I11: 0.922 | J11: 5 | K11: =ROUND(tblFaculty[[#This Row],[Student Feedback]]/5*w_Fb+tblFaculty[[#This Row],[Student Pass Rate]]*w_Pass+MIN(tblFaculty[[#This Row],[Research Papers]],p_ResCap)/p_ResCap*w_Res+MIN(tblFaculty[[#This Row],[Experience Yrs]],p_ExpCap)/p_ExpCap*w_Exp,1) -> 72 | L11: =IF(tblFaculty[[#This Row],[Performance Score]]>=p_Rate1,"Outstanding",IF(tblFaculty[[#This Row],[Performance Score]]>=p_Rate2,"Very Good",IF(tblFaculty[[#This Row],[Performance Score]]>=p_Rate3,"Good","Needs Improvement"))) -> Good | M11: =IF(COUNTIFS(tblFaculty[[#This Row],[Department]],cFa_B,tblFaculty[[#This Row],[Year]],cFa_Y)=1,tblFaculty[[#This Row],[Performance Score]]+ROW()/1000000,"") -> 72.000011
A12: FAC108 | B12: Prof. Suresh Shah | C12: ME | D12: Assistant Professor | E12: 2026 | F12: 6 | G12: 4 | H12: 4.12 | I12: 0.859 | J12: 6 | K12: =ROUND(tblFaculty[[#This Row],[Student Feedback]]/5*w_Fb+tblFaculty[[#This Row],[Student Pass Rate]]*w_Pass+MIN(tblFaculty[[#This Row],[Research Papers]],p_ResCap)/p_ResCap*w_Res+MIN(tblFaculty[[#This Row],[Experience Yrs]],p_ExpCap)/p_ExpCap*w_Exp,1) -> 73.7 | L12: =IF(tblFaculty[[#This Row],[Performance Score]]>=p_Rate1,"Outstanding",IF(tblFaculty[[#This Row],[Performance Score]]>=p_Rate2,"Very Good",IF(tblFaculty[[#This Row],[Performance Score]]>=p_Rate3,"Good","Needs Improvement"))) -> Good | M12: =IF(COUNTIFS(tblFaculty[[#This Row],[Department]],cFa_B,tblFaculty[[#This Row],[Year]],cFa_Y)=1,tblFaculty[[#This Row],[Performance Score]]+ROW()/1000000,"") -> 73.700012
A13: FAC109 | B13: Dr. Arvind Sharma | C13: CE | D13: Professor | E13: 2026 | F13: 23 | G13: 4 | H13: 4.13 | I13: 0.981 | J13: 9 | K13: =ROUND(tblFaculty[[#This Row],[Student Feedback]]/5*w_Fb+tblFaculty[[#This Row],[Student Pass Rate]]*w_Pass+MIN(tblFaculty[[#This Row],[Research Papers]],p_ResCap)/p_ResCap*w_Res+MIN(tblFaculty[[#This Row],[Experience Yrs]],p_ExpCap)/p_ExpCap*w_Exp,1) -> 90.5 | L13: =IF(tblFaculty[[#This Row],[Performance Score]]>=p_Rate1,"Outstanding",IF(tblFaculty[[#This Row],[Performance Score]]>=p_Rate2,"Very Good",IF(tblFaculty[[#This Row],[Performance Score]]>=p_Rate3,"Good","Needs Improvement"))) -> Outstanding | M13: =IF(COUNTIFS(tblFaculty[[#This Row],[Department]],cFa_B,tblFaculty[[#This Row],[Year]],cFa_Y)=1,tblFaculty[[#This Row],[Performance Score]]+ROW()/1000000,"") -> 90.500013
A14: FAC110 | B14: Prof. Vivek Saxena | C14: IT | D14: Assistant Professor | E14: 2024 | F14: 7 | G14: 4 | H14: 3.46 | I14: 0.899 | J14: 7 | K14: =ROUND(tblFaculty[[#This Row],[Student Feedback]]/5*w_Fb+tblFaculty[[#This Row],[Student Pass Rate]]*w_Pass+MIN(tblFaculty[[#This Row],[Research Papers]],p_ResCap)/p_ResCap*w_Res+MIN(tblFaculty[[#This Row],[Experience Yrs]],p_ExpCap)/p_ExpCap*w_Exp,1) -> 72.2 | L14: =IF(tblFaculty[[#This Row],[Performance Score]]>=p_Rate1,"Outstanding",IF(tblFaculty[[#This Row],[Performance Score]]>=p_Rate2,"Very Good",IF(tblFaculty[[#This Row],[Performance Score]]>=p_Rate3,"Good","Needs Improvement"))) -> Good | M14: =IF(COUNTIFS(tblFaculty[[#This Row],[Department]],cFa_B,tblFaculty[[#This Row],[Year]],cFa_Y)=1,tblFaculty[[#This Row],[Performance Score]]+ROW()/1000000,"") -> 72.200014
A15: FAC111 | B15: Dr. Anita Pandey | C15: CSE | D15: Associate Professor | E15: 2023 | F15: 16 | G15: 3 | H15: 3.49 | I15: 0.961 | J15: 7 | K15: =ROUND(tblFaculty[[#This Row],[Student Feedback]]/5*w_Fb+tblFaculty[[#This Row],[Student Pass Rate]]*w_Pass+MIN(tblFaculty[[#This Row],[Research Papers]],p_ResCap)/p_ResCap*w_Res+MIN(tblFaculty[[#This Row],[Experience Yrs]],p_ExpCap)/p_ExpCap*w_Exp,1) -> 78.8 | L15: =IF(tblFaculty[[#This Row],[Performance Score]]>=p_Rate1,"Outstanding",IF(tblFaculty[[#This Row],[Performance Score]]>=p_Rate2,"Very Good",IF(tblFaculty[[#This Row],[Performance Score]]>=p_Rate3,"Good","Needs Improvement"))) -> Very Good | M15: =IF(COUNTIFS(tblFaculty[[#This Row],[Department]],cFa_B,tblFaculty[[#This Row],[Year]],cFa_Y)=1,tblFaculty[[#This Row],[Performance Score]]+ROW()/1000000,"") -> 78.800015
A16: FAC112 | B16: Prof. Ashok Srivastava | C16: ECE | D16: Assistant Professor | E16: 2023 | F16: 9 | G16: 4 | H16: 3.94 | I16: 0.963 | J16: 7 | K16: =ROUND(tblFaculty[[#This Row],[Student Feedback]]/5*w_Fb+tblFaculty[[#This Row],[Student Pass Rate]]*w_Pass+MIN(tblFaculty[[#This Row],[Research Papers]],p_ResCap)/p_ResCap*w_Res+MIN(tblFaculty[[#This Row],[Experience Yrs]],p_ExpCap)/p_ExpCap*w_Exp,1) -> 78.9 | L16: =IF(tblFaculty[[#This Row],[Performance Score]]>=p_Rate1,"Outstanding",IF(tblFaculty[[#This Row],[Performance Score]]>=p_Rate2,"Very Good",IF(tblFaculty[[#This Row],[Performance Score]]>=p_Rate3,"Good","Needs Improvement"))) -> Very Good | M16: =IF(COUNTIFS(tblFaculty[[#This Row],[Department]],cFa_B,tblFaculty[[#This Row],[Year]],cFa_Y)=1,tblFaculty[[#This Row],[Performance Score]]+ROW()/1000000,"") -> 78.900016
... A34: FAC130 | B34: Dr. Manoj Yadav | C34: IT | D34: Professor | E34: 2023 | F34: 28 | G34: 5 | H34: 4.48 | I34: 0.925 | J34: 17 | K34: =ROUND(tblFaculty[[#This Row],[Student Feedback]]/5*w_Fb+tblFaculty[[#This Row],[Student Pass Rate]]*w_Pass+MIN(tblFaculty[[#This Row],[Research Papers]],p_ResCap)/p_ResCap*w_Res+MIN(tblFaculty[[#This Row],[Experience Yrs]],p_ExpCap)/p_ExpCap*w_Exp,1) -> 93.6 | L34: =IF(tblFaculty[[#This Row],[Performance Score]]>=p_Rate1,"Outstanding",IF(tblFaculty[[#This Row],[Performance Score]]>=p_Rate2,"Very Good",IF(tblFaculty[[#This Row],[Performance Score]]>=p_Rate3,"Good","Needs Improvement"))) -> Outstanding | M34: =IF(COUNTIFS(tblFaculty[[#This Row],[Department]],cFa_B,tblFaculty[[#This Row],[Year]],cFa_Y)=1,tblFaculty[[#This Row],[Performance Score]]+ROW()/1000000,"") -> 93.600034

Sheet Placements
A1: Placement Data | tblPlacements (Package in Lakhs Per Annum, LPA)
A2: « Back to Overview
A3: Navy header = input column (type or paste data) | Teal header = formula column (fills automatically, do not overwrite)
A4: PlacementID | B4: Student Name | C4: Branch | D4: Year | E4: CGPA | F4: Status | G4: Company | H4: Sector | I4: Role | J4: Offer Type | K4: Package LPA | L4: Rank Key
A5: PL2001 | B5: Pooja Gupta | C5: CSE | D5: 2025 | E5: 7.56 | F5: Not Placed | L5: =IF(AND(COUNTIFS(tblPlacements[[#This Row],[Branch]],cPl_B,tblPlacements[[#This Row],[Year]],cPl_Y)=1,tblPlacements[[#This Row],[Status]]="Placed"),tblPlacements[[#This Row],[Package LPA]]+ROW()/1000000,"")
A6: PL2002 | B6: Sakshi Ansari | C6: ECE | D6: 2026 | E6: 8.4 | F6: Placed | G6: Intel | H6: Electronics & Semiconductor | I6: Hardware Design Engineer | J6: On-Campus | K6: 21 | L6: =IF(AND(COUNTIFS(tblPlacements[[#This Row],[Branch]],cPl_B,tblPlacements[[#This Row],[Year]],cPl_Y)=1,tblPlacements[[#This Row],[Status]]="Placed"),tblPlacements[[#This Row],[Package LPA]]+ROW()/1000000,"") -> 21.000006
A7: PL2003 | B7: Swati Siddiqui | C7: CSE | D7: 2024 | E7: 6.77 | F7: Placed | G7: EY | H7: Consulting & Analytics | I7: Associate Consultant | J7: On-Campus | K7: 5.5 | L7: =IF(AND(COUNTIFS(tblPlacements[[#This Row],[Branch]],cPl_B,tblPlacements[[#This Row],[Year]],cPl_Y)=1,tblPlacements[[#This Row],[Status]]="Placed"),tblPlacements[[#This Row],[Package LPA]]+ROW()/1000000,"") -> 5.500007
A8: PL2004 | B8: Neha Tiwari | C8: CE | D8: 2025 | E8: 8.02 | F8: Not Placed | L8: =IF(AND(COUNTIFS(tblPlacements[[#This Row],[Branch]],cPl_B,tblPlacements[[#This Row],[Year]],cPl_Y)=1,tblPlacements[[#This Row],[Status]]="Placed"),tblPlacements[[#This Row],[Package LPA]]+ROW()/1000000,"")
A9: PL2005 | B9: Pooja Chauhan | C9: ECE | D9: 2023 | E9: 6.19 | F9: Placed | G9: Deloitte | H9: Consulting & Analytics | I9: Business Analyst | J9: On-Campus | K9: 8.2 | L9: =IF(AND(COUNTIFS(tblPlacements[[#This Row],[Branch]],cPl_B,tblPlacements[[#This Row],[Year]],cPl_Y)=1,tblPlacements[[#This Row],[Status]]="Placed"),tblPlacements[[#This Row],[Package LPA]]+ROW()/1000000,"") -> 8.200009
A10: PL2006 | B10: Neha Reddy | C10: ME | D10: 2024 | E10: 7.66 | F10: Placed | G10: Capgemini | H10: IT Services | I10: Associate Software Engineer | J10: On-Campus | K10: 5.8 | L10: =IF(AND(COUNTIFS(tblPlacements[[#This Row],[Branch]],cPl_B,tblPlacements[[#This Row],[Year]],cPl_Y)=1,tblPlacements[[#This Row],[Status]]="Placed"),tblPlacements[[#This Row],[Package LPA]]+ROW()/1000000,"") -> 5.80001
A11: PL2007 | B11: Utkarsh Agarwal | C11: ME | D11: 2025 | E11: 8.02 | F11: Placed | G11: KPMG | H11: Consulting & Analytics | I11: Associate Consultant | J11: On-Campus | K11: 6.4 | L11: =IF(AND(COUNTIFS(tblPlacements[[#This Row],[Branch]],cPl_B,tblPlacements[[#This Row],[Year]],cPl_Y)=1,tblPlacements[[#This Row],[Status]]="Placed"),tblPlacements[[#This Row],[Package LPA]]+ROW()/1000000,"") -> 6.400011
A12: PL2008 | B12: Jhanvi Gupta | C12: CSE | D12: 2026 | E12: 7.58 | F12: Placed | G12: Wipro | H12: IT Services | I12: Systems Engineer | J12: On-Campus | K12: 5.5 | L12: =IF(AND(COUNTIFS(tblPlacements[[#This Row],[Branch]],cPl_B,tblPlacements[[#This Row],[Year]],cPl_Y)=1,tblPlacements[[#This Row],[Status]]="Placed"),tblPlacements[[#This Row],[Package LPA]]+ROW()/1000000,"") -> 5.500012
A13: PL2009 | B13: Ananya Banerjee | C13: CSE | D13: 2024 | E13: 5.95 | F13: Placed | G13: Infosys | H13: IT Services | I13: Systems Engineer | J13: On-Campus | K13: 3.6 | L13: =IF(AND(COUNTIFS(tblPlacements[[#This Row],[Branch]],cPl_B,tblPlacements[[#This Row],[Year]],cPl_Y)=1,tblPlacements[[#This Row],[Status]]="Placed"),tblPlacements[[#This Row],[Package LPA]]+ROW()/1000000,"") -> 3.600013
A14: PL2010 | B14: Lakshay Singh | C14: IT | D14: 2025 | E14: 5.8 | F14: Not Placed | L14: =IF(AND(COUNTIFS(tblPlacements[[#This Row],[Branch]],cPl_B,tblPlacements[[#This Row],[Year]],cPl_Y)=1,tblPlacements[[#This Row],[Status]]="Placed"),tblPlacements[[#This Row],[Package LPA]]+ROW()/1000000,"")
A15: PL2011 | B15: Kavya Thakur | C15: ECE | D15: 2026 | E15: 7.9 | F15: Placed | G15: Texas Instruments | H15: Electronics & Semiconductor | I15: Hardware Design Engineer | J15: On-Campus | K15: 20.5 | L15: =IF(AND(COUNTIFS(tblPlacements[[#This Row],[Branch]],cPl_B,tblPlacements[[#This Row],[Year]],cPl_Y)=1,tblPlacements[[#This Row],[Status]]="Placed"),tblPlacements[[#This Row],[Package LPA]]+ROW()/1000000,"") -> 20.500015
A16: PL2012 | B16: Pranav Verma | C16: ECE | D16: 2025 | E16: 7.74 | F16: Placed | G16: Cognizant | H16: IT Services | I16: Associate Software Engineer | J16: On-Campus | K16: 5.2 | L16: =IF(AND(COUNTIFS(tblPlacements[[#This Row],[Branch]],cPl_B,tblPlacements[[#This Row],[Year]],cPl_Y)=1,tblPlacements[[#This Row],[Status]]="Placed"),tblPlacements[[#This Row],[Package LPA]]+ROW()/1000000,"") -> 5.200016
A17: PL2013 | B17: Garima Srivastava | C17: CSE | D17: 2023 | E17: 6.98 | F17: Not Placed | L17: =IF(AND(COUNTIFS(tblPlacements[[#This Row],[Branch]],cPl_B,tblPlacements[[#This Row],[Year]],cPl_Y)=1,tblPlacements[[#This Row],[Status]]="Placed"),tblPlacements[[#This Row],[Package LPA]]+ROW()/1000000,"")
A18: PL2014 | B18: Jhanvi Dubey | C18: CSE | D18: 2024 | E18: 7.35 | F18: Placed | G18: Adobe | H18: Product & Startups | I18: Associate Product Engineer | J18: On-Campus | K18: 30.6 | L18: =IF(AND(COUNTIFS(tblPlacements[[#This Row],[Branch]],cPl_B,tblPlacements[[#This Row],[Year]],cPl_Y)=1,tblPlacements[[#This Row],[Status]]="Placed"),tblPlacements[[#This Row],[Package LPA]]+ROW()/1000000,"") -> 30.600018
A19: PL2015 | B19: Kavya Jain | C19: CE | D19: 2024 | E19: 7.04 | F19: Placed | G19: Tata Motors | H19: Core Engineering | I19: Production Engineer | J19: On-Campus | K19: 6.6 | L19: =IF(AND(COUNTIFS(tblPlacements[[#This Row],[Branch]],cPl_B,tblPlacements[[#This Row],[Year]],cPl_Y)=1,tblPlacements[[#This Row],[Status]]="Placed"),tblPlacements[[#This Row],[Package LPA]]+ROW()/1000000,"") -> 6.600019
A20: PL2016 | B20: Kavya Joshi | C20: CE | D20: 2025 | E20: 7.63 | F20: Placed | G20: L&T | H20: Core Engineering | I20: Design Engineer | J20: On-Campus | K20: 6.8 | L20: =IF(AND(COUNTIFS(tblPlacements[[#This Row],[Branch]],cPl_B,tblPlacements[[#This Row],[Year]],cPl_Y)=1,tblPlacements[[#This Row],[Status]]="Placed"),tblPlacements[[#This Row],[Package LPA]]+ROW()/1000000,"") -> 6.80002
A21: PL2017 | B21: Pallavi Reddy | C21: ECE | D21: 2023 | E21: 7.48 | F21: Placed | G21: Intel | H21: Electronics & Semiconductor | I21: Hardware Design Engineer | J21: On-Campus | K21: 19 | L21: =IF(AND(COUNTIFS(tblPlacements[[#This Row],[Branch]],cPl_B,tblPlacements[[#This Row],[Year]],cPl_Y)=1,tblPlacements[[#This Row],[Status]]="Placed"),tblPlacements[[#This Row],[Package LPA]]+ROW()/1000000,"") -> 19.000021
A22: PL2018 | B22: Aarav Tiwari | C22: IT | D22: 2025 | E22: 7.47 | F22: Placed | G22: Cognizant | H22: IT Services | I22: Systems Engineer | J22: On-Campus | K22: 5 | L22: =IF(AND(COUNTIFS(tblPlacements[[#This Row],[Branch]],cPl_B,tblPlacements[[#This Row],[Year]],cPl_Y)=1,tblPlacements[[#This Row],[Status]]="Placed"),tblPlacements[[#This Row],[Package LPA]]+ROW()/1000000,"") -> 5.000022
A23: PL2019 | B23: Pallavi Iyer | C23: ECE | D23: 2024 | E23: 8.65 | F23: Placed | G23: Cognizant | H23: IT Services | I23: Associate Software Engineer | J23: On-Campus | K23: 5.9 | L23: =IF(AND(COUNTIFS(tblPlacements[[#This Row],[Branch]],cPl_B,tblPlacements[[#This Row],[Year]],cPl_Y)=1,tblPlacements[[#This Row],[Status]]="Placed"),tblPlacements[[#This Row],[Package LPA]]+ROW()/1000000,"") -> 5.900023
A24: PL2020 | B24: Devansh Das | C24: ECE | D24: 2025 | E24: 8.02 | F24: Placed | G24: Intel | H24: Electronics & Semiconductor | I24: Verification Engineer | J24: On-Campus | K24: 19.6 | L24: =IF(AND(COUNTIFS(tblPlacements[[#This Row],[Branch]],cPl_B,tblPlacements[[#This Row],[Year]],cPl_Y)=1,tblPlacements[[#This Row],[Status]]="Placed"),tblPlacements[[#This Row],[Package LPA]]+ROW()/1000000,"") -> 19.600024
A25: PL2021 | B25: Varun Srivastava | C25: CSE | D25: 2026 | E25: 7.76 | F25: Placed | G25: Infosys | H25: IT Services | I25: Analyst Programmer | J25: On-Campus | K25: 4.6 | L25: =IF(AND(COUNTIFS(tblPlacements[[#This Row],[Branch]],cPl_B,tblPlacements[[#This Row],[Year]],cPl_Y)=1,tblPlacements[[#This Row],[Status]]="Placed"),tblPlacements[[#This Row],[Package LPA]]+ROW()/1000000,"") -> 4.600025
A26: PL2022 | B26: Pallavi Goel | C26: ECE | D26: 2023 | E26: 7.83 | F26: Placed | G26: Intel | H26: Electronics & Semiconductor | I26: Verification Engineer | J26: On-Campus | K26: 17.7 | L26: =IF(AND(COUNTIFS(tblPlacements[[#This Row],[Branch]],cPl_B,tblPlacements[[#This Row],[Year]],cPl_Y)=1,tblPlacements[[#This Row],[Status]]="Placed"),tblPlacements[[#This Row],[Package LPA]]+ROW()/1000000,"") -> 17.700026
A27: PL2023 | B27: Kartik Malik | C27: CSE | D27: 2026 | E27: 7.14 | F27: Not Placed | L27: =IF(AND(COUNTIFS(tblPlacements[[#This Row],[Branch]],cPl_B,tblPlacements[[#This Row],[Year]],cPl_Y)=1,tblPlacements[[#This Row],[Status]]="Placed"),tblPlacements[[#This Row],[Package LPA]]+ROW()/1000000,"")
A28: PL2024 | B28: Pranav Chauhan | C28: CSE | D28: 2026 | E28: 9.05 | F28: Placed | G28: Wipro | H28: IT Services | I28: Graduate Engineer Trainee | J28: Off-Campus | K28: 5.7 | L28: =IF(AND(COUNTIFS(tblPlacements[[#This Row],[Branch]],cPl_B,tblPlacements[[#This Row],[Year]],cPl_Y)=1,tblPlacements[[#This Row],[Status]]="Placed"),tblPlacements[[#This Row],[Package LPA]]+ROW()/1000000,"") -> 5.700028
A29: PL2025 | B29: Mayank Siddiqui | C29: ECE | D29: 2025 | E29: 8.12 | F29: Not Placed | L29: =IF(AND(COUNTIFS(tblPlacements[[#This Row],[Branch]],cPl_B,tblPlacements[[#This Row],[Year]],cPl_Y)=1,tblPlacements[[#This Row],[Status]]="Placed"),tblPlacements[[#This Row],[Package LPA]]+ROW()/1000000,"")
A30: PL2026 | B30: Aarushi Singh | C30: IT | D30: 2025 | E30: 7.56 | F30: Placed | G30: Wipro | H30: IT Services | I30: Associate Software Engineer | J30: On-Campus | K30: 5.2 | L30: =IF(AND(COUNTIFS(tblPlacements[[#This Row],[Branch]],cPl_B,tblPlacements[[#This Row],[Year]],cPl_Y)=1,tblPlacements[[#This Row],[Status]]="Placed"),tblPlacements[[#This Row],[Package LPA]]+ROW()/1000000,"") -> 5.20003
A31: PL2027 | B31: Kavya Mehta | C31: IT | D31: 2023 | E31: 8.68 | F31: Placed | G31: Zoho | H31: Product & Startups | I31: Software Development Engineer | J31: On-Campus | K31: 11.4 | L31: =IF(AND(COUNTIFS(tblPlacements[[#This Row],[Branch]],cPl_B,tblPlacements[[#This Row],[Year]],cPl_Y)=1,tblPlacements[[#This Row],[Status]]="Placed"),tblPlacements[[#This Row],[Package LPA]]+ROW()/1000000,"") -> 11.400031
A32: PL2028 | B32: Pranav Mishra | C32: CSE | D32: 2025 | E32: 7.03 | F32: Placed | G32: Tech Mahindra | H32: IT Services | I32: Graduate Engineer Trainee | J32: On-Campus | K32: 4.6 | L32: =IF(AND(COUNTIFS(tblPlacements[[#This Row],[Branch]],cPl_B,tblPlacements[[#This Row],[Year]],cPl_Y)=1,tblPlacements[[#This Row],[Status]]="Placed"),tblPlacements[[#This Row],[Package LPA]]+ROW()/1000000,"") -> 4.600032
A33: PL2029 | B33: Rajat Mittal | C33: ECE | D33: 2024 | E33: 7.96 | F33: Placed | G33: Accenture | H33: Consulting & Analytics | I33: Business Analyst | J33: On-Campus | K33: 7.7 | L33: =IF(AND(COUNTIFS(tblPlacements[[#This Row],[Branch]],cPl_B,tblPlacements[[#This Row],[Year]],cPl_Y)=1,tblPlacements[[#This Row],[Status]]="Placed"),tblPlacements[[#This Row],[Package LPA]]+ROW()/1000000,"") -> 7.700033
A34: PL2030 | B34: Tanvi Bansal | C34: ECE | D34: 2024 | E34: 6.99 | F34: Placed | G34: Accenture | H34: Consulting & Analytics | I34: Business Analyst | J34: Pool Campus | K34: 5.6 | L34: =IF(AND(COUNTIFS(tblPlacements[[#This Row],[Branch]],cPl_B,tblPlacements[[#This Row],[Year]],cPl_Y)=1,tblPlacements[[#This Row],[Status]]="Placed"),tblPlacements[[#This Row],[Package LPA]]+ROW()/1000000,"") -> 5.600034
A35: PL2031 | B35: Tarun Mishra | C35: ECE | D35: 2024 | E35: 7.92 | F35: Placed | G35: Samsung R&D | H35: Electronics & Semiconductor | I35: Verification Engineer | J35: On-Campus | K35: 13.5 | L35: =IF(AND(COUNTIFS(tblPlacements[[#This Row],[Branch]],cPl_B,tblPlacements[[#This Row],[Year]],cPl_Y)=1,tblPlacements[[#This Row],[Status]]="Placed"),tblPlacements[[#This Row],[Package LPA]]+ROW()/1000000,"") -> 13.500035
A36: PL2032 | B36: Vishal Tyagi | C36: IT | D36: 2026 | E36: 6.88 | F36: Placed | G36: Amazon | H36: Product & Startups | I36: Associate Product Engineer | J36: On-Campus | K36: 22.9 | L36: =IF(AND(COUNTIFS(tblPlacements[[#This Row],[Branch]],cPl_B,tblPlacements[[#This Row],[Year]],cPl_Y)=1,tblPlacements[[#This Row],[Status]]="Placed"),tblPlacements[[#This Row],[Package LPA]]+ROW()/1000000,"") -> 22.900036
A37: PL2033 | B37: Manish Malik | C37: CSE | D37: 2026 | E37: 8.8 | F37: Not Placed | L37: =IF(AND(COUNTIFS(tblPlacements[[#This Row],[Branch]],cPl_B,tblPlacements[[#This Row],[Year]],cPl_Y)=1,tblPlacements[[#This Row],[Status]]="Placed"),tblPlacements[[#This Row],[Package LPA]]+ROW()/1000000,"")
A38: PL2034 | B38: Isha Nair | C38: ECE | D38: 2026 | E38: 6.25 | F38: Placed | G38: Texas Instruments | H38: Electronics & Semiconductor | I38: Embedded Software Engineer | J38: On-Campus | K38: 12 | L38: =IF(AND(COUNTIFS(tblPlacements[[#This Row],[Branch]],cPl_B,tblPlacements[[#This Row],[Year]],cPl_Y)=1,tblPlacements[[#This Row],[Status]]="Placed"),tblPlacements[[#This Row],[Package LPA]]+ROW()/1000000,"") -> 12.000038
A39: PL2035 | B39: Aarushi Rastogi | C39: ECE | D39: 2025 | E39: 7.93 | F39: Placed | G39: Intel | H39: Electronics & Semiconductor | I39: Hardware Design Engineer | J39: On-Campus | K39: 19.2 | L39: =IF(AND(COUNTIFS(tblPlacements[[#This Row],[Branch]],cPl_B,tblPlacements[[#This Row],[Year]],cPl_Y)=1,tblPlacements[[#This Row],[Status]]="Placed"),tblPlacements[[#This Row],[Package LPA]]+ROW()/1000000,"") -> 19.200039
A40: PL2036 | B40: Pankaj Reddy | C40: CSE | D40: 2025 | E40: 6.66 | F40: Not Placed | L40: =IF(AND(COUNTIFS(tblPlacements[[#This Row],[Branch]],cPl_B,tblPlacements[[#This Row],[Year]],cPl_Y)=1,tblPlacements[[#This Row],[Status]]="Placed"),tblPlacements[[#This Row],[Package LPA]]+ROW()/1000000,"")
A41: PL2037 | B41: Swati Saxena | C41: IT | D41: 2025 | E41: 7.46 | F41: Placed | G41: Wipro | H41: IT Services | I41: Systems Engineer | J41: Off-Campus | K41: 4 | L41: =IF(AND(COUNTIFS(tblPlacements[[#This Row],[Branch]],cPl_B,tblPlacements[[#This Row],[Year]],cPl_Y)=1,tblPlacements[[#This Row],[Status]]="Placed"),tblPlacements[[#This Row],[Package LPA]]+ROW()/1000000,"") -> 4.000041
A42: PL2038 | B42: Nandini Rawat | C42: IT | D42: 2024 | E42: 8.6 | F42: Placed | G42: Microsoft | H42: Product & Startups | I42: Associate Product Engineer | J42: Pool Campus | K42: 44.4 | L42: =IF(AND(COUNTIFS(tblPlacements[[#This Row],[Branch]],cPl_B,tblPlacements[[#This Row],[Year]],cPl_Y)=1,tblPlacements[[#This Row],[Status]]="Placed"),tblPlacements[[#This Row],[Package LPA]]+ROW()/1000000,"") -> 44.400042
A43: PL2039 | B43: Devansh Sharma | C43: IT | D43: 2023 | E43: 7.49 | F43: Placed | G43: KPMG | H43: Consulting & Analytics | I43: Technology Analyst | J43: On-Campus | K43: 6.5 | L43: =IF(AND(COUNTIFS(tblPlacements[[#This Row],[Branch]],cPl_B,tblPlacements[[#This Row],[Year]],cPl_Y)=1,tblPlacements[[#This Row],[Status]]="Placed"),tblPlacements[[#This Row],[Package LPA]]+ROW()/1000000,"") -> 6.500043
A44: PL2040 | B44: Shubham Rawat | C44: CE | D44: 2024 | E44: 7.65 | F44: Not Placed | L44: =IF(AND(COUNTIFS(tblPlacements[[#This Row],[Branch]],cPl_B,tblPlacements[[#This Row],[Year]],cPl_Y)=1,tblPlacements[[#This Row],[Status]]="Placed"),tblPlacements[[#This Row],[Package LPA]]+ROW()/1000000,"")
A45: PL2041 | B45: Yash Malik | C45: ME | D45: 2026 | E45: 6.34 | F45: Placed | G45: Siemens | H45: Core Engineering | I45: Site Engineer | J45: On-Campus | K45: 7.6 | L45: =IF(AND(COUNTIFS(tblPlacements[[#This Row],[Branch]],cPl_B,tblPlacements[[#This Row],[Year]],cPl_Y)=1,tblPlacements[[#This Row],[Status]]="Placed"),tblPlacements[[#This Row],[Package LPA]]+ROW()/1000000,"") -> 7.600045
A46: PL2042 | B46: Jhanvi Mishra | C46: IT | D46: 2024 | E46: 8.03 | F46: Placed | G46: Adobe | H46: Product & Startups | I46: Software Development Engineer | J46: Pool Campus | K46: 30.1 | L46: =IF(AND(COUNTIFS(tblPlacements[[#This Row],[Branch]],cPl_B,tblPlacements[[#This Row],[Year]],cPl_Y)=1,tblPlacements[[#This Row],[Status]]="Placed"),tblPlacements[[#This Row],[Package LPA]]+ROW()/1000000,"") -> 30.100046
A47: PL2043 | B47: Vikram Pandey | C47: CE | D47: 2025 | E47: 8.58 | F47: Not Placed | L47: =IF(AND(COUNTIFS(tblPlacements[[#This Row],[Branch]],cPl_B,tblPlacements[[#This Row],[Year]],cPl_Y)=1,tblPlacements[[#This Row],[Status]]="Placed"),tblPlacements[[#This Row],[Package LPA]]+ROW()/1000000,"")
A48: PL2044 | B48: Pooja Verma | C48: ME | D48: 2024 | E48: 7.26 | F48: Placed | G48: Bosch | H48: Core Engineering | I48: Design Engineer | J48: On-Campus | K48: 7.9 | L48: =IF(AND(COUNTIFS(tblPlacements[[#This Row],[Branch]],cPl_B,tblPlacements[[#This Row],[Year]],cPl_Y)=1,tblPlacements[[#This Row],[Status]]="Placed"),tblPlacements[[#This Row],[Package LPA]]+ROW()/1000000,"") -> 7.900048
A49: PL2045 | B49: Komal Thakur | C49: CSE | D49: 2026 | E49: 7.47 | F49: Not Placed | L49: =IF(AND(COUNTIFS(tblPlacements[[#This Row],[Branch]],cPl_B,tblPlacements[[#This Row],[Year]],cPl_Y)=1,tblPlacements[[#This Row],[Status]]="Placed"),tblPlacements[[#This Row],[Package LPA]]+ROW()/1000000,"")
A50: PL2046 | B50: Harsh Bansal | C50: CE | D50: 2026 | E50: 7.31 | F50: Placed | G50: Tata Projects | H50: Core Engineering | I50: Production Engineer | J50: On-Campus | K50: 5.3 | L50: =IF(AND(COUNTIFS(tblPlacements[[#This Row],[Branch]],cPl_B,tblPlacements[[#This Row],[Year]],cPl_Y)=1,tblPlacements[[#This Row],[Status]]="Placed"),tblPlacements[[#This Row],[Package LPA]]+ROW()/1000000,"") -> 5.30005
A51: PL2047 | B51: Aditi Goel | C51: ME | D51: 2025 | E51: 8.86 | F51: Placed | G51: Tech Mahindra | H51: IT Services | I51: Systems Engineer | J51: Pool Campus | K51: 5.2 | L51: =IF(AND(COUNTIFS(tblPlacements[[#This Row],[Branch]],cPl_B,tblPlacements[[#This Row],[Year]],cPl_Y)=1,tblPlacements[[#This Row],[Status]]="Placed"),tblPlacements[[#This Row],[Package LPA]]+ROW()/1000000,"") -> 5.200051
A52: PL2048 | B52: Saurabh Rastogi | C52: CE | D52: 2026 | E52: 6.51 | F52: Placed | G52: Mahindra & Mahindra | H52: Core Engineering | I52: Design Engineer | J52: On-Campus | K52: 5.7 | L52: =IF(AND(COUNTIFS(tblPlacements[[#This Row],[Branch]],cPl_B,tblPlacements[[#This Row],[Year]],cPl_Y)=1,tblPlacements[[#This Row],[Status]]="Placed"),tblPlacements[[#This Row],[Package LPA]]+ROW()/1000000,"") -> 5.700052
A53: PL2049 | B53: Meera Saxena | C53: ECE | D53: 2025 | E53: 6.27 | F53: Placed | G53: HCLTech | H53: IT Services | I53: Graduate Engineer Trainee | J53: Pool Campus | K53: 4.5 | L53: =IF(AND(COUNTIFS(tblPlacements[[#This Row],[Branch]],cPl_B,tblPlacements[[#This Row],[Year]],cPl_Y)=1,tblPlacements[[#This Row],[Status]]="Placed"),tblPlacements[[#This Row],[Package LPA]]+ROW()/1000000,"") -> 4.500053
A54: PL2050 | B54: Sachin Bansal | C54: ECE | D54: 2024 | E54: 8.94 | F54: Not Placed | L54: =IF(AND(COUNTIFS(tblPlacements[[#This Row],[Branch]],cPl_B,tblPlacements[[#This Row],[Year]],cPl_Y)=1,tblPlacements[[#This Row],[Status]]="Placed"),tblPlacements[[#This Row],[Package LPA]]+ROW()/1000000,"")
A55: PL2051 | B55: Siddharth Garg | C55: IT | D55: 2024 | E55: 8.72 | F55: Placed | G55: Capgemini | H55: IT Services | I55: Analyst Programmer | J55: On-Campus | K55: 6.6 | L55: =IF(AND(COUNTIFS(tblPlacements[[#This Row],[Branch]],cPl_B,tblPlacements[[#This Row],[Year]],cPl_Y)=1,tblPlacements[[#This Row],[Status]]="Placed"),tblPlacements[[#This Row],[Package LPA]]+ROW()/1000000,"") -> 6.600055
A56: PL2052 | B56: Kartik Patel | C56: ECE | D56: 2026 | E56: 7.02 | F56: Not Placed | L56: =IF(AND(COUNTIFS(tblPlacements[[#This Row],[Branch]],cPl_B,tblPlacements[[#This Row],[Year]],cPl_Y)=1,tblPlacements[[#This Row],[Status]]="Placed"),tblPlacements[[#This Row],[Package LPA]]+ROW()/1000000,"")
A57: PL2053 | B57: Anjali Dubey | C57: IT | D57: 2026 | E57: 9.44 | F57: Placed | G57: Infosys | H57: IT Services | I57: Systems Engineer | J57: Off-Campus | K57: 6.1 | L57: =IF(AND(COUNTIFS(tblPlacements[[#This Row],[Branch]],cPl_B,tblPlacements[[#This Row],[Year]],cPl_Y)=1,tblPlacements[[#This Row],[Status]]="Placed"),tblPlacements[[#This Row],[Package LPA]]+ROW()/1000000,"") -> 6.100057
A58: PL2054 | B58: Parth Jain | C58: IT | D58: 2023 | E58: 7.9 | F58: Placed | G58: Tech Mahindra | H58: IT Services | I58: Analyst Programmer | J58: On-Campus | K58: 3.9 | L58: =IF(AND(COUNTIFS(tblPlacements[[#This Row],[Branch]],cPl_B,tblPlacements[[#This Row],[Year]],cPl_Y)=1,tblPlacements[[#This Row],[Status]]="Placed"),tblPlacements[[#This Row],[Package LPA]]+ROW()/1000000,"") -> 3.900058
A59: PL2055 | B59: Neha Mittal | C59: CSE | D59: 2023 | E59: 7.91 | F59: Placed | G59: HCLTech | H59: IT Services | I59: Graduate Engineer Trainee | J59: On-Campus | K59: 5 | L59: =IF(AND(COUNTIFS(tblPlacements[[#This Row],[Branch]],cPl_B,tblPlacements[[#This Row],[Year]],cPl_Y)=1,tblPlacements[[#This Row],[Status]]="Placed"),tblPlacements[[#This Row],[Package LPA]]+ROW()/1000000,"") -> 5.000059
A60: PL2056 | B60: Varun Kumar | C60: IT | D60: 2023 | E60: 7.7 | F60: Placed | G60: Wipro | H60: IT Services | I60: Graduate Engineer Trainee | J60: On-Campus | K60: 5.2 | L60: =IF(AND(COUNTIFS(tblPlacements[[#This Row],[Branch]],cPl_B,tblPlacements[[#This Row],[Year]],cPl_Y)=1,tblPlacements[[#This Row],[Status]]="Placed"),tblPlacements[[#This Row],[Package LPA]]+ROW()/1000000,"") -> 5.20006
A61: PL2057 | B61: Ayush Gupta | C61: ECE | D61: 2026 | E61: 7.27 | F61: Placed | G61: Infosys | H61: IT Services | I61: Graduate Engineer Trainee | J61: On-Campus | K61: 4.4 | L61: =IF(AND(COUNTIFS(tblPlacements[[#This Row],[Branch]],cPl_B,tblPlacements[[#This Row],[Year]],cPl_Y)=1,tblPlacements[[#This Row],[Status]]="Placed"),tblPlacements[[#This Row],[Package LPA]]+ROW()/1000000,"") -> 4.400061
A62: PL2058 | B62: Nandini Sharma | C62: CSE | D62: 2025 | E62: 8.2 | F62: Placed | G62: Infosys | H62: IT Services | I62: Systems Engineer | J62: On-Campus | K62: 5.3 | L62: =IF(AND(COUNTIFS(tblPlacements[[#This Row],[Branch]],cPl_B,tblPlacements[[#This Row],[Year]],cPl_Y)=1,tblPlacements[[#This Row],[Status]]="Placed"),tblPlacements[[#This Row],[Package LPA]]+ROW()/1000000,"") -> 5.300062
A63: PL2059 | B63: Devansh Gupta | C63: CSE | D63: 2023 | E63: 7.66 | F63: Placed | G63: Accenture | H63: Consulting & Analytics | I63: Business Analyst | J63: On-Campus | K63: 6 | L63: =IF(AND(COUNTIFS(tblPlacements[[#This Row],[Branch]],cPl_B,tblPlacements[[#This Row],[Year]],cPl_Y)=1,tblPlacements[[#This Row],[Status]]="Placed"),tblPlacements[[#This Row],[Package LPA]]+ROW()/1000000,"") -> 6.000063
A64: PL2060 | B64: Diya Saxena | C64: CSE | D64: 2025 | E64: 9.19 | F64: Placed | G64: Accenture | H64: Consulting & Analytics | I64: Technology Analyst | J64: Off-Campus | K64: 8.2 | L64: =IF(AND(COUNTIFS(tblPlacements[[#This Row],[Branch]],cPl_B,tblPlacements[[#This Row],[Year]],cPl_Y)=1,tblPlacements[[#This Row],[Status]]="Placed"),tblPlacements[[#This Row],[Package LPA]]+ROW()/1000000,"") -> 8.200064
A65: PL2061 | B65: Ananya Agarwal | C65: ME | D65: 2024 | E65: 8.54 | F65: Placed | G65: Tata Motors | H65: Core Engineering | I65: Design Engineer | J65: Off-Campus | K65: 7.8 | L65: =IF(AND(COUNTIFS(tblPlacements[[#This Row],[Branch]],cPl_B,tblPlacements[[#This Row],[Year]],cPl_Y)=1,tblPlacements[[#This Row],[Status]]="Placed"),tblPlacements[[#This Row],[Package LPA]]+ROW()/1000000,"") -> 7.800065
A66: PL2062 | B66: Neha Shah | C66: ME | D66: 2024 | E66: 7.07 | F66: Placed | G66: Wipro | H66: IT Services | I66: Graduate Engineer Trainee | J66: On-Campus | K66: 5 | L66: =IF(AND(COUNTIFS(tblPlacements[[#This Row],[Branch]],cPl_B,tblPlacements[[#This Row],[Year]],cPl_Y)=1,tblPlacements[[#This Row],[Status]]="Placed"),tblPlacements[[#This Row],[Package LPA]]+ROW()/1000000,"") -> 5.000066
A67: PL2063 | B67: Sachin Chatterjee | C67: CE | D67: 2025 | E67: 8.47 | F67: Placed | G67: Tata Motors | H67: Core Engineering | I67: Site Engineer | J67: On-Campus | K67: 7 | L67: =IF(AND(COUNTIFS(tblPlacements[[#This Row],[Branch]],cPl_B,tblPlacements[[#This Row],[Year]],cPl_Y)=1,tblPlacements[[#This Row],[Status]]="Placed"),tblPlacements[[#This Row],[Package LPA]]+ROW()/1000000,"") -> 7.000067
A68: PL2064 | B68: Siddharth Malik | C68: CSE | D68: 2025 | E68: 8.02 | F68: Placed | G68: KPMG | H68: Consulting & Analytics | I68: Associate Consultant | J68: On-Campus | K68: 7.4 | L68: =IF(AND(COUNTIFS(tblPlacements[[#This Row],[Branch]],cPl_B,tblPlacements[[#This Row],[Year]],cPl_Y)=1,tblPlacements[[#This Row],[Status]]="Placed"),tblPlacements[[#This Row],[Package LPA]]+ROW()/1000000,"") -> 7.400068
A69: PL2065 | B69: Sneha Kapoor | C69: CE | D69: 2025 | E69: 8.04 | F69: Not Placed | L69: =IF(AND(COUNTIFS(tblPlacements[[#This Row],[Branch]],cPl_B,tblPlacements[[#This Row],[Year]],cPl_Y)=1,tblPlacements[[#This Row],[Status]]="Placed"),tblPlacements[[#This Row],[Package LPA]]+ROW()/1000000,"")
A70: PL2066 | B70: Devansh Kumar | C70: ECE | D70: 2026 | E70: 5.83 | F70: Not Placed | L70: =IF(AND(COUNTIFS(tblPlacements[[#This Row],[Branch]],cPl_B,tblPlacements[[#This Row],[Year]],cPl_Y)=1,tblPlacements[[#This Row],[Status]]="Placed"),tblPlacements[[#This Row],[Package LPA]]+ROW()/1000000,"")
A71: PL2067 | B71: Karan Bansal | C71: CSE | D71: 2025 | E71: 8.91 | F71: Placed | G71: Cognizant | H71: IT Services | I71: Analyst Programmer | J71: On-Campus | K71: 6.8 | L71: =IF(AND(COUNTIFS(tblPlacements[[#This Row],[Branch]],cPl_B,tblPlacements[[#This Row],[Year]],cPl_Y)=1,tblPlacements[[#This Row],[Status]]="Placed"),tblPlacements[[#This Row],[Package LPA]]+ROW()/1000000,"") -> 6.800071
A72: PL2068 | B72: Varun Singh | C72: CE | D72: 2024 | E72: 6.82 | F72: Not Placed | L72: =IF(AND(COUNTIFS(tblPlacements[[#This Row],[Branch]],cPl_B,tblPlacements[[#This Row],[Year]],cPl_Y)=1,tblPlacements[[#This Row],[Status]]="Placed"),tblPlacements[[#This Row],[Package LPA]]+ROW()/1000000,"")
A73: PL2069 | B73: Pankaj Kapoor | C73: IT | D73: 2026 | E73: 8.81 | F73: Placed | G73: EY | H73: Consulting & Analytics | I73: Technology Analyst | J73: On-Campus | K73: 8 | L73: =IF(AND(COUNTIFS(tblPlacements[[#This Row],[Branch]],cPl_B,tblPlacements[[#This Row],[Year]],cPl_Y)=1,tblPlacements[[#This Row],[Status]]="Placed"),tblPlacements[[#This Row],[Package LPA]]+ROW()/1000000,"") -> 8.000073
A74: PL2070 | B74: Rajat Joshi | C74: ECE | D74: 2024 | E74: 7.62 | F74: Placed | G74: HCLTech | H74: IT Services | I74: Systems Engineer | J74: On-Campus | K74: 6 | L74: =IF(AND(COUNTIFS(tblPlacements[[#This Row],[Branch]],cPl_B,tblPlacements[[#This Row],[Year]],cPl_Y)=1,tblPlacements[[#This Row],[Status]]="Placed"),tblPlacements[[#This Row],[Package LPA]]+ROW()/1000000,"") -> 6.000074
A75: PL2071 | B75: Tanvi Chauhan | C75: CE | D75: 2026 | E75: 9.32 | F75: Placed | G75: L&T | H75: Core Engineering | I75: Production Engineer | J75: On-Campus | K75: 7.5 | L75: =IF(AND(COUNTIFS(tblPlacements[[#This Row],[Branch]],cPl_B,tblPlacements[[#This Row],[Year]],cPl_Y)=1,tblPlacements[[#This Row],[Status]]="Placed"),tblPlacements[[#This Row],[Package LPA]]+ROW()/1000000,"") -> 7.500075
A76: PL2072 | B76: Anjali Das | C76: ME | D76: 2025 | E76: 7.08 | F76: Not Placed | L76: =IF(AND(COUNTIFS(tblPlacements[[#This Row],[Branch]],cPl_B,tblPlacements[[#This Row],[Year]],cPl_Y)=1,tblPlacements[[#This Row],[Status]]="Placed"),tblPlacements[[#This Row],[Package LPA]]+ROW()/1000000,"")
A77: PL2073 | B77: Ishaan Agarwal | C77: IT | D77: 2026 | E77: 6.34 | F77: Placed | G77: Cognizant | H77: IT Services | I77: Analyst Programmer | J77: On-Campus | K77: 4 | L77: =IF(AND(COUNTIFS(tblPlacements[[#This Row],[Branch]],cPl_B,tblPlacements[[#This Row],[Year]],cPl_Y)=1,tblPlacements[[#This Row],[Status]]="Placed"),tblPlacements[[#This Row],[Package LPA]]+ROW()/1000000,"") -> 4.000077
A78: PL2074 | B78: Jhanvi Jain | C78: IT | D78: 2026 | E78: 6.41 | F78: Placed | G78: Cognizant | H78: IT Services | I78: Associate Software Engineer | J78: On-Campus | K78: 4.5 | L78: =IF(AND(COUNTIFS(tblPlacements[[#This Row],[Branch]],cPl_B,tblPlacements[[#This Row],[Year]],cPl_Y)=1,tblPlacements[[#This Row],[Status]]="Placed"),tblPlacements[[#This Row],[Package LPA]]+ROW()/1000000,"") -> 4.500078
A79: PL2075 | B79: Siddharth Rawat | C79: ECE | D79: 2023 | E79: 7.11 | F79: Placed | G79: Samsung R&D | H79: Electronics & Semiconductor | I79: Verification Engineer | J79: On-Campus | K79: 10 | L79: =IF(AND(COUNTIFS(tblPlacements[[#This Row],[Branch]],cPl_B,tblPlacements[[#This Row],[Year]],cPl_Y)=1,tblPlacements[[#This Row],[Status]]="Placed"),tblPlacements[[#This Row],[Package LPA]]+ROW()/1000000,"") -> 10.000079
A80: PL2076 | B80: Bhavna Bhatt | C80: CE | D80: 2025 | E80: 7.72 | F80: Placed | G80: Ashok Leyland | H80: Core Engineering | I80: Production Engineer | J80: On-Campus | K80: 6.5 | L80: =IF(AND(COUNTIFS(tblPlacements[[#This Row],[Branch]],cPl_B,tblPlacements[[#This Row],[Year]],cPl_Y)=1,tblPlacements[[#This Row],[Status]]="Placed"),tblPlacements[[#This Row],[Package LPA]]+ROW()/1000000,"") -> 6.50008
A81: PL2077 | B81: Palak Banerjee | C81: IT | D81: 2023 | E81: 6.86 | F81: Not Placed | L81: =IF(AND(COUNTIFS(tblPlacements[[#This Row],[Branch]],cPl_B,tblPlacements[[#This Row],[Year]],cPl_Y)=1,tblPlacements[[#This Row],[Status]]="Placed"),tblPlacements[[#This Row],[Package LPA]]+ROW()/1000000,"")
A82: PL2078 | B82: Neha Agarwal | C82: IT | D82: 2024 | E82: 8.13 | F82: Not Placed | L82: =IF(AND(COUNTIFS(tblPlacements[[#This Row],[Branch]],cPl_B,tblPlacements[[#This Row],[Year]],cPl_Y)=1,tblPlacements[[#This Row],[Status]]="Placed"),tblPlacements[[#This Row],[Package LPA]]+ROW()/1000000,"")
A83: PL2079 | B83: Aarushi Ansari | C83: ECE | D83: 2025 | E83: 6.5 | F83: Not Placed | L83: =IF(AND(COUNTIFS(tblPlacements[[#This Row],[Branch]],cPl_B,tblPlacements[[#This Row],[Year]],cPl_Y)=1,tblPlacements[[#This Row],[Status]]="Placed"),tblPlacements[[#This Row],[Package LPA]]+ROW()/1000000,"")
A84: PL2080 | B84: Sakshi Verma | C84: CSE | D84: 2025 | E84: 8.01 | F84: Placed | G84: Amazon | H84: Product & Startups | I84: Data Engineer | J84: On-Campus | K84: 37 | L84: =IF(AND(COUNTIFS(tblPlacements[[#This Row],[Branch]],cPl_B,tblPlacements[[#This Row],[Year]],cPl_Y)=1,tblPlacements[[#This Row],[Status]]="Placed"),tblPlacements[[#This Row],[Package LPA]]+ROW()/1000000,"") -> 37.000084
A85: PL2081 | B85: Rohan Chauhan | C85: ME | D85: 2024 | E85: 8.31 | F85: Placed | G85: L&T | H85: Core Engineering | I85: Site Engineer | J85: Off-Campus | K85: 6.9 | L85: =IF(AND(COUNTIFS(tblPlacements[[#This Row],[Branch]],cPl_B,tblPlacements[[#This Row],[Year]],cPl_Y)=1,tblPlacements[[#This Row],[Status]]="Placed"),tblPlacements[[#This Row],[Package LPA]]+ROW()/1000000,"") -> 6.900085
A86: PL2082 | B86: Mayank Ansari | C86: ECE | D86: 2026 | E86: 7.9 | F86: Placed | G86: Intel | H86: Electronics & Semiconductor | I86: Hardware Design Engineer | J86: Off-Campus | K86: 19.5 | L86: =IF(AND(COUNTIFS(tblPlacements[[#This Row],[Branch]],cPl_B,tblPlacements[[#This Row],[Year]],cPl_Y)=1,tblPlacements[[#This Row],[Status]]="Placed"),tblPlacements[[#This Row],[Package LPA]]+ROW()/1000000,"") -> 19.500086
A87: PL2083 | B87: Sakshi Yadav | C87: CE | D87: 2026 | E87: 7.74 | F87: Placed | G87: Tata Motors | H87: Core Engineering | I87: Site Engineer | J87: On-Campus | K87: 6.7 | L87: =IF(AND(COUNTIFS(tblPlacements[[#This Row],[Branch]],cPl_B,tblPlacements[[#This Row],[Year]],cPl_Y)=1,tblPlacements[[#This Row],[Status]]="Placed"),tblPlacements[[#This Row],[Package LPA]]+ROW()/1000000,"") -> 6.700087
A88: PL2084 | B88: Naveen Mehta | C88: CE | D88: 2023 | E88: 7.56 | F88: Not Placed | L88: =IF(AND(COUNTIFS(tblPlacements[[#This Row],[Branch]],cPl_B,tblPlacements[[#This Row],[Year]],cPl_Y)=1,tblPlacements[[#This Row],[Status]]="Placed"),tblPlacements[[#This Row],[Package LPA]]+ROW()/1000000,"")
A89: PL2085 | B89: Anjali Chatterjee | C89: CSE | D89: 2025 | E89: 7.73 | F89: Placed | G89: Tech Mahindra | H89: IT Services | I89: Associate Software Engineer | J89: On-Campus | K89: 4.4 | L89: =IF(AND(COUNTIFS(tblPlacements[[#This Row],[Branch]],cPl_B,tblPlacements[[#This Row],[Year]],cPl_Y)=1,tblPlacements[[#This Row],[Status]]="Placed"),tblPlacements[[#This Row],[Package LPA]]+ROW()/1000000,"") -> 4.400089
A90: PL2086 | B90: Diya Kumar | C90: CSE | D90: 2023 | E90: 7.73 | F90: Placed | G90: KPMG | H90: Consulting & Analytics | I90: Associate Consultant | J90: Off-Campus | K90: 6.7 | L90: =IF(AND(COUNTIFS(tblPlacements[[#This Row],[Branch]],cPl_B,tblPlacements[[#This Row],[Year]],cPl_Y)=1,tblPlacements[[#This Row],[Status]]="Placed"),tblPlacements[[#This Row],[Package LPA]]+ROW()/1000000,"") -> 6.70009
A91: PL2087 | B91: Kritika Singh | C91: ME | D91: 2026 | E91: 8.17 | F91: Placed | G91: Siemens | H91: Core Engineering | I91: Graduate Engineer Trainee | J91: On-Campus | K91: 8.8 | L91: =IF(AND(COUNTIFS(tblPlacements[[#This Row],[Branch]],cPl_B,tblPlacements[[#This Row],[Year]],cPl_Y)=1,tblPlacements[[#This Row],[Status]]="Placed"),tblPlacements[[#This Row],[Package LPA]]+ROW()/1000000,"") -> 8.800091
A92: PL2088 | B92: Nikhil Malik | C92: ME | D92: 2026 | E92: 8.54 | F92: Not Placed | L92: =IF(AND(COUNTIFS(tblPlacements[[#This Row],[Branch]],cPl_B,tblPlacements[[#This Row],[Year]],cPl_Y)=1,tblPlacements[[#This Row],[Status]]="Placed"),tblPlacements[[#This Row],[Package LPA]]+ROW()/1000000,"")
A93: PL2089 | B93: Ayush Mishra | C93: ME | D93: 2025 | E93: 8.59 | F93: Placed | G93: Siemens | H93: Core Engineering | I93: Design Engineer | J93: Off-Campus | K93: 10.6 | L93: =IF(AND(COUNTIFS(tblPlacements[[#This Row],[Branch]],cPl_B,tblPlacements[[#This Row],[Year]],cPl_Y)=1,tblPlacements[[#This Row],[Status]]="Placed"),tblPlacements[[#This Row],[Package LPA]]+ROW()/1000000,"") -> 10.600093
A94: PL2090 | B94: Abhishek Iyer | C94: ME | D94: 2025 | E94: 7.76 | F94: Placed | G94: Mahindra & Mahindra | H94: Core Engineering | I94: Design Engineer | J94: On-Campus | K94: 7.3 | L94: =IF(AND(COUNTIFS(tblPlacements[[#This Row],[Branch]],cPl_B,tblPlacements[[#This Row],[Year]],cPl_Y)=1,tblPlacements[[#This Row],[Status]]="Placed"),tblPlacements[[#This Row],[Package LPA]]+ROW()/1000000,"") -> 7.300094
A95: PL2091 | B95: Aditi Khan | C95: CSE | D95: 2026 | E95: 7.59 | F95: Placed | G95: KPMG | H95: Consulting & Analytics | I95: Business Analyst | J95: On-Campus | K95: 7 | L95: =IF(AND(COUNTIFS(tblPlacements[[#This Row],[Branch]],cPl_B,tblPlacements[[#This Row],[Year]],cPl_Y)=1,tblPlacements[[#This Row],[Status]]="Placed"),tblPlacements[[#This Row],[Package LPA]]+ROW()/1000000,"") -> 7.000095
A96: PL2092 | B96: Swati Shah | C96: IT | D96: 2026 | E96: 7.8 | F96: Placed | G96: EY | H96: Consulting & Analytics | I96: Business Analyst | J96: On-Campus | K96: 8 | L96: =IF(AND(COUNTIFS(tblPlacements[[#This Row],[Branch]],cPl_B,tblPlacements[[#This Row],[Year]],cPl_Y)=1,tblPlacements[[#This Row],[Status]]="Placed"),tblPlacements[[#This Row],[Package LPA]]+ROW()/1000000,"") -> 8.000096
A97: PL2093 | B97: Mayank Das | C97: CSE | D97: 2024 | E97: 8.25 | F97: Placed | G97: Accenture | H97: Consulting & Analytics | I97: Associate Consultant | J97: On-Campus | K97: 7.4 | L97: =IF(AND(COUNTIFS(tblPlacements[[#This Row],[Branch]],cPl_B,tblPlacements[[#This Row],[Year]],cPl_Y)=1,tblPlacements[[#This Row],[Status]]="Placed"),tblPlacements[[#This Row],[Package LPA]]+ROW()/1000000,"") -> 7.400097
A98: PL2094 | B98: Neha Malik | C98: CSE | D98: 2025 | E98: 7.25 | F98: Placed | G98: Tech Mahindra | H98: IT Services | I98: Systems Engineer | J98: On-Campus | K98: 4.5 | L98: =IF(AND(COUNTIFS(tblPlacements[[#This Row],[Branch]],cPl_B,tblPlacements[[#This Row],[Year]],cPl_Y)=1,tblPlacements[[#This Row],[Status]]="Placed"),tblPlacements[[#This Row],[Package LPA]]+ROW()/1000000,"") -> 4.500098
A99: PL2095 | B99: Ishaan Bhatt | C99: IT | D99: 2023 | E99: 8.24 | F99: Placed | G99: Flipkart | H99: Product & Startups | I99: Software Development Engineer | J99: On-Campus | K99: 24.7 | L99: =IF(AND(COUNTIFS(tblPlacements[[#This Row],[Branch]],cPl_B,tblPlacements[[#This Row],[Year]],cPl_Y)=1,tblPlacements[[#This Row],[Status]]="Placed"),tblPlacements[[#This Row],[Package LPA]]+ROW()/1000000,"") -> 24.700099
A100: PL2096 | B100: Komal Pandey | C100: CSE | D100: 2025 | E100: 8.18 | F100: Placed | G100: Adobe | H100: Product & Startups | I100: Software Development Engineer | J100: On-Campus | K100: 35.7 | L100: =IF(AND(COUNTIFS(tblPlacements[[#This Row],[Branch]],cPl_B,tblPlacements[[#This Row],[Year]],cPl_Y)=1,tblPlacements[[#This Row],[Status]]="Placed"),tblPlacements[[#This Row],[Package LPA]]+ROW()/1000000,"") -> 35.7001
...

Sheet Courses
A1: Course Data | tblCourses
A2: « Back to Overview
A3: Navy header = input column (type or paste data) | Teal header = formula column (fills automatically, do not overwrite)
A4: CourseCode | B4: Course Name | C4: Branch | D4: Semester | E4: Year | F4: Type | G4: Credits | H4: FacultyID | I4: Faculty Name | J4: Enrolled | K4: Passed | L4: Pass Rate | M4: Avg Marks | N4: Avg Attendance | O4: Rating | P4: Rank Key
A5: CS301 | B5: Data Structures | C5: CSE | D5: 3 | E5: 2024 | F5: Core | G5: 4 | H5: FAC111 | I5: =IFERROR(INDEX(tblFaculty[Faculty Name],MATCH(tblCourses[[#This Row],[FacultyID]],tblFaculty[FacultyID],0)),"Unknown") -> Dr. Anita Pandey | J5: 53 | K5: 45 | L5: =IFERROR(tblCourses[[#This Row],[Passed]]/tblCourses[[#This Row],[Enrolled]],0) -> 0.8490566 | M5: 61.5 | N5: 0.756 | O5: 4.36 | P5: =IF(COUNTIFS(tblCourses[[#This Row],[Branch]],cCo_B,tblCourses[[#This Row],[Semester]],cCo_S,tblCourses[[#This Row],[Year]],cCo_Y)=1,tblCourses[[#This Row],[Pass Rate]]+ROW()/1000000000,"") -> 0.84905661
A6: CS402 | B6: Operating Systems | C6: CSE | D6: 4 | E6: 2026 | F6: Core | G6: 4 | H6: FAC121 | I6: =IFERROR(INDEX(tblFaculty[Faculty Name],MATCH(tblCourses[[#This Row],[FacultyID]],tblFaculty[FacultyID],0)),"Unknown") -> Mr. Neeta Thakur | J6: 65 | K6: 62 | L6: =IFERROR(tblCourses[[#This Row],[Passed]]/tblCourses[[#This Row],[Enrolled]],0) -> 0.95384615 | M6: 73.2 | N6: 0.855 | O6: 3.96 | P6: =IF(COUNTIFS(tblCourses[[#This Row],[Branch]],cCo_B,tblCourses[[#This Row],[Semester]],cCo_S,tblCourses[[#This Row],[Year]],cCo_Y)=1,tblCourses[[#This Row],[Pass Rate]]+ROW()/1000000000,"") -> 0.95384616
A7: CS403 | B7: Database Management Systems | C7: CSE | D7: 4 | E7: 2024 | F7: Core | G7: 4 | H7: FAC101 | I7: =IFERROR(INDEX(tblFaculty[Faculty Name],MATCH(tblCourses[[#This Row],[FacultyID]],tblFaculty[FacultyID],0)),"Unknown") -> Prof. Prakash Patel | J7: 61 | K7: 58 | L7: =IFERROR(tblCourses[[#This Row],[Passed]]/tblCourses[[#This Row],[Enrolled]],0) -> 0.95081967 | M7: 61.2 | N7: 0.877 | O7: 4.29 | P7: =IF(COUNTIFS(tblCourses[[#This Row],[Branch]],cCo_B,tblCourses[[#This Row],[Semester]],cCo_S,tblCourses[[#This Row],[Year]],cCo_Y)=1,tblCourses[[#This Row],[Pass Rate]]+ROW()/1000000000,"") -> 0.95081968
A8: CS501 | B8: Computer Networks | C8: CSE | D8: 5 | E8: 2026 | F8: Core | G8: 4 | H8: FAC116 | I8: =IFERROR(INDEX(tblFaculty[Faculty Name],MATCH(tblCourses[[#This Row],[FacultyID]],tblFaculty[FacultyID],0)),"Unknown") -> Prof. Renu Reddy | J8: 42 | K8: 41 | L8: =IFERROR(tblCourses[[#This Row],[Passed]]/tblCourses[[#This Row],[Enrolled]],0) -> 0.97619048 | M8: 68.1 | N8: 0.893 | O8: 4.37 | P8: =IF(COUNTIFS(tblCourses[[#This Row],[Branch]],cCo_B,tblCourses[[#This Row],[Semester]],cCo_S,tblCourses[[#This Row],[Year]],cCo_Y)=1,tblCourses[[#This Row],[Pass Rate]]+ROW()/1000000000,"") -> 0.97619048
A9: CS605 | B9: Machine Learning | C9: CSE | D9: 6 | E9: 2025 | F9: Elective | G9: 4 | H9: FAC116 | I9: =IFERROR(INDEX(tblFaculty[Faculty Name],MATCH(tblCourses[[#This Row],[FacultyID]],tblFaculty[FacultyID],0)),"Unknown") -> Prof. Renu Reddy | J9: 59 | K9: 57 | L9: =IFERROR(tblCourses[[#This Row],[Passed]]/tblCourses[[#This Row],[Enrolled]],0) -> 0.96610169 | M9: 65.7 | N9: 0.869 | O9: 3.73 | P9: =IF(COUNTIFS(tblCourses[[#This Row],[Branch]],cCo_B,tblCourses[[#This Row],[Semester]],cCo_S,tblCourses[[#This Row],[Year]],cCo_Y)=1,tblCourses[[#This Row],[Pass Rate]]+ROW()/1000000000,"") -> 0.9661017
A10: IT401 | B10: Web Technologies | C10: IT | D10: 4 | E10: 2025 | F10: Core | G10: 4 | H10: FAC120 | I10: =IFERROR(INDEX(tblFaculty[Faculty Name],MATCH(tblCourses[[#This Row],[FacultyID]],tblFaculty[FacultyID],0)),"Unknown") -> Prof. Sanjay Ansari | J10: 43 | K10: 39 | L10: =IFERROR(tblCourses[[#This Row],[Passed]]/tblCourses[[#This Row],[Enrolled]],0) -> 0.90697674 | M10: 57.9 | N10: 0.838 | O10: 3.98 | P10: =IF(COUNTIFS(tblCourses[[#This Row],[Branch]],cCo_B,tblCourses[[#This Row],[Semester]],cCo_S,tblCourses[[#This Row],[Year]],cCo_Y)=1,tblCourses[[#This Row],[Pass Rate]]+ROW()/1000000000,"") -> 0.90697675
A11: IT502 | B11: Software Engineering | C11: IT | D11: 5 | E11: 2023 | F11: Core | G11: 4 | H11: FAC115 | I11: =IFERROR(INDEX(tblFaculty[Faculty Name],MATCH(tblCourses[[#This Row],[FacultyID]],tblFaculty[FacultyID],0)),"Unknown") -> Dr. Archana Mishra | J11: 61 | K11: 50 | L11: =IFERROR(tblCourses[[#This Row],[Passed]]/tblCourses[[#This Row],[Enrolled]],0) -> 0.81967213 | M11: 69.4 | N11: 0.801 | O11: 4.01 | P11: =IF(COUNTIFS(tblCourses[[#This Row],[Branch]],cCo_B,tblCourses[[#This Row],[Semester]],cCo_S,tblCourses[[#This Row],[Year]],cCo_Y)=1,tblCourses[[#This Row],[Pass Rate]]+ROW()/1000000000,"") -> 0.81967214
A12: IT603 | B12: Cloud Computing | C12: IT | D12: 6 | E12: 2026 | F12: Elective | G12: 4 | H12: FAC110 | I12: =IFERROR(INDEX(tblFaculty[Faculty Name],MATCH(tblCourses[[#This Row],[FacultyID]],tblFaculty[FacultyID],0)),"Unknown") -> Prof. Vivek Saxena | J12: 46 | K12: 43 | L12: =IFERROR(tblCourses[[#This Row],[Passed]]/tblCourses[[#This Row],[Enrolled]],0) -> 0.93478261 | M12: 68.2 | N12: 0.872 | O12: 3.94 | P12: =IF(COUNTIFS(tblCourses[[#This Row],[Branch]],cCo_B,tblCourses[[#This Row],[Semester]],cCo_S,tblCourses[[#This Row],[Year]],cCo_Y)=1,tblCourses[[#This Row],[Pass Rate]]+ROW()/1000000000,"") -> 0.93478262
A13: IT704 | B13: Information Security | C13: IT | D13: 7 | E13: 2026 | F13: Elective | G13: 4 | H13: FAC125 | I13: =IFERROR(INDEX(tblFaculty[Faculty Name],MATCH(tblCourses[[#This Row],[FacultyID]],tblFaculty[FacultyID],0)),"Unknown") -> Dr. Rakesh Banerjee | J13: 53 | K13: 47 | L13: =IFERROR(tblCourses[[#This Row],[Passed]]/tblCourses[[#This Row],[Enrolled]],0) -> 0.88679245 | M13: 71.9 | N13: 0.824 | O13: 4.25 | P13: =IF(COUNTIFS(tblCourses[[#This Row],[Branch]],cCo_B,tblCourses[[#This Row],[Semester]],cCo_S,tblCourses[[#This Row],[Year]],cCo_Y)=1,tblCourses[[#This Row],[Pass Rate]]+ROW()/1000000000,"") -> 0.88679247
A14: IT606 | B14: Data Analytics Lab | C14: IT | D14: 6 | E14: 2023 | F14: Lab | G14: 2 | H14: FAC115 | I14: =IFERROR(INDEX(tblFaculty[Faculty Name],MATCH(tblCourses[[#This Row],[FacultyID]],tblFaculty[FacultyID],0)),"Unknown") -> Dr. Archana Mishra | J14: 64 | K14: 61 | L14: =IFERROR(tblCourses[[#This Row],[Passed]]/tblCourses[[#This Row],[Enrolled]],0) -> 0.953125 | M14: 73.4 | N14: 0.852 | O14: 3.95 | P14: =IF(COUNTIFS(tblCourses[[#This Row],[Branch]],cCo_B,tblCourses[[#This Row],[Semester]],cCo_S,tblCourses[[#This Row],[Year]],cCo_Y)=1,tblCourses[[#This Row],[Pass Rate]]+ROW()/1000000000,"") -> 0.95312501
A15: EC501 | B15: Digital Signal Processing | C15: ECE | D15: 5 | E15: 2023 | F15: Core | G15: 4 | H15: FAC127 | I15: =IFERROR(INDEX(tblFaculty[Faculty Name],MATCH(tblCourses[[#This Row],[FacultyID]],tblFaculty[FacultyID],0)),"Unknown") -> Prof. Kavita Mittal | J15: 46 | K15: 38 | L15: =IFERROR(tblCourses[[#This Row],[Passed]]/tblCourses[[#This Row],[Enrolled]],0) -> 0.82608696 | M15: 75.7 | N15: 0.833 | O15: 3.95 | P15: =IF(COUNTIFS(tblCourses[[#This Row],[Branch]],cCo_B,tblCourses[[#This Row],[Semester]],cCo_S,tblCourses[[#This Row],[Year]],cCo_Y)=1,tblCourses[[#This Row],[Pass Rate]]+ROW()/1000000000,"") -> 0.82608697
A16: EC602 | B16: VLSI Design | C16: ECE | D16: 6 | E16: 2023 | F16: Elective | G16: 4 | H16: FAC112 | I16: =IFERROR(INDEX(tblFaculty[Faculty Name],MATCH(tblCourses[[#This Row],[FacultyID]],tblFaculty[FacultyID],0)),"Unknown") -> Prof. Ashok Srivastava | J16: 60 | K16: 51 | L16: =IFERROR(tblCourses[[#This Row],[Passed]]/tblCourses[[#This Row],[Enrolled]],0) -> 0.85 | M16: 68.5 | N16: 0.77 | O16: 3.57 | P16: =IF(COUNTIFS(tblCourses[[#This Row],[Branch]],cCo_B,tblCourses[[#This Row],[Semester]],cCo_S,tblCourses[[#This Row],[Year]],cCo_Y)=1,tblCourses[[#This Row],[Pass Rate]]+ROW()/1000000000,"") -> 0.85000002
... A29: CE705 | B29: Environmental Engineering | C29: CE | D29: 7 | E29: 2026 | F29: Elective | G29: 4 | H29: FAC114 | I29: =IFERROR(INDEX(tblFaculty[Faculty Name],MATCH(tblCourses[[#This Row],[FacultyID]],tblFaculty[FacultyID],0)),"Unknown") -> Prof. Ramesh Saxena | J29: 66 | K29: 63 | L29: =IFERROR(tblCourses[[#This Row],[Passed]]/tblCourses[[#This Row],[Enrolled]],0) -> 0.95454545 | M29: 62.8 | N29: 0.852 | O29: 4.01 | P29: =IF(COUNTIFS(tblCourses[[#This Row],[Branch]],cCo_B,tblCourses[[#This Row],[Semester]],cCo_S,tblCourses[[#This Row],[Year]],cCo_Y)=1,tblCourses[[#This Row],[Pass Rate]]+ROW()/1000000000,"") -> 0.95454548

Sheet Instructions
B1: Instructions
B2: How this workbook is organised and how to load your own data
B3: « Back to Overview
B6: 1. What is in each sheet
B7: Overview | C7: Executive dashboard for all five modules: 4 KPI cards, 4 charts, branch leaderboard and module scorecard. Filters: Branch, Year.
B8: Student / Attendance / Faculty / Placement / Course Dashboard | C8: One dashboard per module: 4 KPI cards, 4 charts (bar, line, donut, scatter), Top 10 and Bottom 10 tables. Dropdown filters in row 5 (Branch, Semester, Year where the data has them).
B9: Students, Attendance, Faculty, Placements, Courses | C9: Data sheets. Each holds one Excel Table (tblStudents, tblAttendance, tblFaculty, tblPlacements, tblCourses). Navy header = input column, teal header = formula column.
B10: Lists | C10: Dropdown lists, the grade scale and every assumption (pass marks, attendance thresholds, faculty score weights). Yellow cells can be edited.
B11: Calc | C11: Chart data and the filter criteria. All formulas - do not type here.
B13: 2. Using the dashboards
B14: Filters | C14: Pick a value in the blue-bordered cells in row 5, or choose All. KPI cards, charts and Top/Bottom 10 tables update immediately. Charts that compare branches ignore the Branch filter so the comparison stays visible.
B15: Colour rules | C15: Red = attendance below 75%, failed result, or at-risk record. Green = pass, good attendance, outstanding rating. Amber = course pass rate below target.
B16: Navigation | C16: The blue buttons in row 3 jump between sheets. Every data sheet and the Lists / Calc sheets have a link back to the Overview.
B18: 3. Replacing the sample data with real data
B19: Step 1 | C19: Open a data sheet (for example Students). Click the first input cell under the header row and paste your data over the navy-header columns only. Keep the header names exactly as they are.
B20: Step 2 | C20: Do not paste over the teal formula columns (Total Marks, Result, Grade, SGPA, Rank Key, Attendance %, Status, Performance Score, Rating, Pass Rate and the lookups). They are calculated columns and fill down automatically when the table grows.
B21: Step 3 | C21: If you have more or fewer rows than the sample, drag the small handle at the table's bottom-right corner (or just paste below the last row) so the table covers all rows. Remove unused sample rows with right-click > Delete > Table Rows.
B22: Step 4 | C22: Use the exact codes the dropdown lists expect: Branch = CSE, ECE, ME, CE, IT; Semester = 1 to 8; Year = four digits (the year the academic year or batch ends, for example 2026). Years outside 2023-2026 appear in KPIs but need adding to Lists (Year filter) and Calc to show in trend charts.
B23: Step 5 | C23: Attendance rows must use a StudentID that exists in Students - name, branch, semester, year and marks are looked up from there. Courses must use a FacultyID that exists in Faculty.
B24: Step 6 | C24: Placements: leave Company, Sector, Role, Offer Type and Package LPA empty for students who are Not Placed.
B25: Step 7 | C25: Check Lists for your institution's pass marks, grade scale and thresholds, then press Ctrl+Alt+F9 to recalculate if Excel is set to manual calculation.
B27: 4. Good to know
B28: Sample data | C28: All names, marks and companies are synthetic and only for demonstration. 240 students, 240 attendance records, 30 faculty, 150 placement records, 25 courses.
B29: Formulas | C29: Dashboards use COUNTIFS, SUMIFS, AVERAGEIFS, MAXIFS, INDEX/MATCH and SUMPRODUCT over structured table references. INDEX/MATCH is used instead of XLOOKUP so the file works in every Excel version.
B30: Pivot tables and slicers | C30: Not embedded (the file was generated programmatically). To add them: click inside any table > Insert > PivotTable / Table Design > Insert Slicer. The dropdown filters on each dashboard cover the same need.
B31: Adding a branch | C31: Add it to the Lists sheet and to the Branch rows of each block on Calc, then extend the chart ranges. The current build assumes five branches.

Sheet Lists
A1: Lists, Grade Scale & Assumptions
A2: Drives dropdown filters and business rules. Blue values are assumptions you may change; every formula that uses them updates automatically.
A3: Branch | C3: Branch filter | E3: Semester filter | G3: Year filter | I3: Min Total Marks | J3: Grade | K3: Grade Points | M3: Assumption | N3: Value | O3: Meaning
A4: CSE | C4: All | E4: All | G4: All | I4: 0 | J4: F | K4: 0 | M4: p_PassTotal | N4: 40 | O4: Minimum total marks (out of 100) to pass
A5: ECE | C5: CSE | E5: 1 | G5: 2023 | I5: 40 | J5: P | K5: 4 | M5: p_PassExt | N5: 24 | O5: Minimum external marks (out of 60) to pass
A6: ME | C6: ECE | E6: 2 | G6: 2024 | I6: 45 | J6: C | K6: 5 | M6: p_SgpaDiv | N6: 9.5 | O6: SGPA = Total Marks / this divisor, capped at 10 (passed students only)
A7: CE | C7: ME | E7: 3 | G7: 2025 | I7: 50 | J7: B | K7: 6 | M7: p_Distinction | N7: 8 | O7: SGPA at or above this counts as Distinction
A8: IT | C8: CE | E8: 4 | G8: 2026 | I8: 60 | J8: B+ | K8: 7 | M8: p_AttMin | N8: 0.75 | O8: Minimum attendance % for exam eligibility (below = Shortage, shown red)
C9: IT | E9: 5 | I9: 70 | J9: A | K9: 8 | M9: p_AttGood | N9: 0.8 | O9: Attendance % for 'Good' status
E10: 6 | I10: 80 | J10: A+ | K10: 9 | M10: p_AttExc | N10: 0.9 | O10: Attendance % for 'Excellent' status
E11: 7 | I11: 90 | J11: O | K11: 10 | M11: w_Fb | N11: 40 | O11: Faculty score weight: student feedback (out of 5)
E12: 8 | M12: w_Pass | N12: 30 | O12: Faculty score weight: student pass rate
M13: w_Res | N13: 20 | O13: Faculty score weight: research papers (capped)
M14: w_Exp | N14: 10 | O14: Faculty score weight: experience (capped)
M15: p_ResCap | N15: 10 | O15: Research papers needed for full research score
M16: p_ExpCap | N16: 20 | O16: Years of experience needed for full experience score
M17: p_Rate1 | N17: 85 | O17: Faculty score for 'Outstanding'
M18: p_Rate2 | N18: 75 | O18: Faculty score for 'Very Good'
M19: p_Rate3 | N19: 65 | O19: Faculty score for 'Good' (below = Needs Improvement)
M20: p_CoursePass | N20: 0.85 | O20: Course pass rate below this is highlighted amber
A22: « Back to Overview | M22: Year = calendar year in which the academic year / placement batch ends (2026 = AY 2025-26).
M23: Yellow cells are assumptions (blue = editable inputs).

Sheet Calc
A1: Calc - chart data and filter criteria (all live formulas, do not edit)
A2: « Back to Overview
A3: Filter | B3: Selected on dashboard | C3: Criteria used in formulas
A4: Student Dashboard - Branch | B4: =fSt_B -> All | C4: =IF(fSt_B="All","*",fSt_B) -> *
A5: Student Dashboard - Semester | B5: =fSt_S -> All | C5: =IF(fSt_S="All",">0",fSt_S) -> >0
A6: Student Dashboard - Year | B6: =fSt_Y -> All | C6: =IF(fSt_Y="All",">0",fSt_Y) -> >0
A7: Attendance Dashboard - Branch | B7: =fAt_B -> All | C7: =IF(fAt_B="All","*",fAt_B) -> *
A8: Attendance Dashboard - Semester | B8: =fAt_S -> All | C8: =IF(fAt_S="All",">0",fAt_S) -> >0
A9: Attendance Dashboard - Year | B9: =fAt_Y -> All | C9: =IF(fAt_Y="All",">0",fAt_Y) -> >0
A10: Course Dashboard - Branch | B10: =fCo_B -> All | C10: =IF(fCo_B="All","*",fCo_B) -> *
A11: Course Dashboard - Semester | B11: =fCo_S -> All | C11: =IF(fCo_S="All",">0",fCo_S) -> >0
A12: Course Dashboard - Year | B12: =fCo_Y -> All | C12: =IF(fCo_Y="All",">0",fCo_Y) -> >0
A13: Faculty Dashboard - Branch | B13: =fFa_B -> All | C13: =IF(fFa_B="All","*",fFa_B) -> *
A14: Faculty Dashboard - Year | B14: =fFa_Y -> All | C14: =IF(fFa_Y="All",">0",fFa_Y) -> >0
A15: Placement Dashboard - Branch | B15: =fPl_B -> All | C15: =IF(fPl_B="All","*",fPl_B) -> *
A16: Placement Dashboard - Year | B16: =fPl_Y -> All | C16: =IF(fPl_Y="All",">0",fPl_Y) -> >0
A17: Overview - Branch | B17: =fOv_B -> All | C17: =IF(fOv_B="All","*",fOv_B) -> *
A18: Overview - Year | B18: =fOv_Y -> All | C18: =IF(fOv_Y="All",">0",fOv_Y) -> >0
A21: Students - by Branch (Semester & Year filters)
A22: Branch | B22: Avg SGPA (passed) | C22: Pass Rate
A23: =Lists!$A$4 -> CSE | B23: =IFERROR(AVERAGEIFS(tblStudents[SGPA],tblStudents[Branch],$A23,tblStudents[Semester],cSt_S,tblStudents[Year],cSt_Y,tblStudents[Result],"Pass"),0) -> 7.7425 | C23: =IFERROR(COUNTIFS(tblStudents[Branch],$A23,tblStudents[Semester],cSt_S,tblStudents[Year],cSt_Y,tblStudents[Result],"Pass")/COUNTIFS(tblStudents[Branch],$A23,tblStudents[Semester],cSt_S,tblStudents[Year],cSt_Y),0) -> 0.90322581
A24: =Lists!$A$5 -> ECE | B24: =IFERROR(AVERAGEIFS(tblStudents[SGPA],tblStudents[Branch],$A24,tblStudents[Semester],cSt_S,tblStudents[Year],cSt_Y,tblStudents[Result],"Pass"),0) -> 7.4304082 | C24: =IFERROR(COUNTIFS(tblStudents[Branch],$A24,tblStudents[Semester],cSt_S,tblStudents[Year],cSt_Y,tblStudents[Result],"Pass")/COUNTIFS(tblStudents[Branch],$A24,tblStudents[Semester],cSt_S,tblStudents[Year],cSt_Y),0) -> 0.90740741
A25: =Lists!$A$6 -> ME | B25: =IFERROR(AVERAGEIFS(tblStudents[SGPA],tblStudents[Branch],$A25,tblStudents[Semester],cSt_S,tblStudents[Year],cSt_Y,tblStudents[Result],"Pass"),0) -> 7.05225 | C25: =IFERROR(COUNTIFS(tblStudents[Branch],$A25,tblStudents[Semester],cSt_S,tblStudents[Year],cSt_Y,tblStudents[Result],"Pass")/COUNTIFS(tblStudents[Branch],$A25,tblStudents[Semester],cSt_S,tblStudents[Year],cSt_Y),0) -> 0.81632653
A26: =Lists!$A$7 -> CE | B26: =IFERROR(AVERAGEIFS(tblStudents[SGPA],tblStudents[Branch],$A26,tblStudents[Semester],cSt_S,tblStudents[Year],cSt_Y,tblStudents[Result],"Pass"),0) -> 7.1202941 | C26: =IFERROR(COUNTIFS(tblStudents[Branch],$A26,tblStudents[Semester],cSt_S,tblStudents[Year],cSt_Y,tblStudents[Result],"Pass")/COUNTIFS(tblStudents[Branch],$A26,tblStudents[Semester],cSt_S,tblStudents[Year],cSt_Y),0) -> 0.91891892
A27: =Lists!$A$8 -> IT | B27: =IFERROR(AVERAGEIFS(tblStudents[SGPA],tblStudents[Branch],$A27,tblStudents[Semester],cSt_S,tblStudents[Year],cSt_Y,tblStudents[Result],"Pass"),0) -> 7.1842857 | C27: =IFERROR(COUNTIFS(tblStudents[Branch],$A27,tblStudents[Semester],cSt_S,tblStudents[Year],cSt_Y,tblStudents[Result],"Pass")/COUNTIFS(tblStudents[Branch],$A27,tblStudents[Semester],cSt_S,tblStudents[Year],cSt_Y),0) -> 0.92105263
A30: Students - by Semester (Branch & Year filters)
A31: Semester | B31: Pass Rate
A32: =Lists!$E$5 -> 1 | B32: =IFERROR(COUNTIFS(tblStudents[Semester],$A32,tblStudents[Branch],cSt_B,tblStudents[Year],cSt_Y,tblStudents[Result],"Pass")/COUNTIFS(tblStudents[Semester],$A32,tblStudents[Branch],cSt_B,tblStudents[Year],cSt_Y),0) -> 0.83783784
A33: =Lists!$E$6 -> 2 | B33: =IFERROR(COUNTIFS(tblStudents[Semester],$A33,tblStudents[Branch],cSt_B,tblStudents[Year],cSt_Y,tblStudents[Result],"Pass")/COUNTIFS(tblStudents[Semester],$A33,tblStudents[Branch],cSt_B,tblStudents[Year],cSt_Y),0) -> 0.88888889
A34: =Lists!$E$7 -> 3 | B34: =IFERROR(COUNTIFS(tblStudents[Semester],$A34,tblStudents[Branch],cSt_B,tblStudents[Year],cSt_Y,tblStudents[Result],"Pass")/COUNTIFS(tblStudents[Semester],$A34,tblStudents[Branch],cSt_B,tblStudents[Year],cSt_Y),0) -> 0.84615385
A35: =Lists!$E$8 -> 4 | B35: =IFERROR(COUNTIFS(tblStudents[Semester],$A35,tblStudents[Branch],cSt_B,tblStudents[Year],cSt_Y,tblStudents[Result],"Pass")/COUNTIFS(tblStudents[Semester],$A35,tblStudents[Branch],cSt_B,tblStudents[Year],cSt_Y),0) -> 0.91666667
A36: =Lists!$E$9 -> 5 | B36: =IFERROR(COUNTIFS(tblStudents[Semester],$A36,tblStudents[Branch],cSt_B,tblStudents[Year],cSt_Y,tblStudents[Result],"Pass")/COUNTIFS(tblStudents[Semester],$A36,tblStudents[Branch],cSt_B,tblStudents[Year],cSt_Y),0) -> 0.96774194
A37: =Lists!$E$10 -> 6 | B37: =IFERROR(COUNTIFS(tblStudents[Semester],$A37,tblStudents[Branch],cSt_B,tblStudents[Year],cSt_Y,tblStudents[Result],"Pass")/COUNTIFS(tblStudents[Semester],$A37,tblStudents[Branch],cSt_B,tblStudents[Year],cSt_Y),0) -> 0.83333333
A38: =Lists!$E$11 -> 7 | B38: =IFERROR(COUNTIFS(tblStudents[Semester],$A38,tblStudents[Branch],cSt_B,tblStudents[Year],cSt_Y,tblStudents[Result],"Pass")/COUNTIFS(tblStudents[Semester],$A38,tblStudents[Branch],cSt_B,tblStudents[Year],cSt_Y),0) -> 0.91891892
A39: =Lists!$E$12 -> 8 | B39: =IFERROR(COUNTIFS(tblStudents[Semester],$A39,tblStudents[Branch],cSt_B,tblStudents[Year],cSt_Y,tblStudents[Result],"Pass")/COUNTIFS(tblStudents[Semester],$A39,tblStudents[Branch],cSt_B,tblStudents[Year],cSt_Y),0) -> 0.92857143
A42: Students - grade distribution (all filters)
A43: Grade | B43: Students
A44: O | B44: =COUNTIFS(tblStudents[Grade],$A44,tblStudents[Branch],cSt_B,tblStudents[Semester],cSt_S,tblStudents[Year],cSt_Y) -> 16
A45: A+ | B45: =COUNTIFS(tblStudents[Grade],$A45,tblStudents[Branch],cSt_B,tblStudents[Semester],cSt_S,tblStudents[Year],cSt_Y) -> 25
A46: A | B46: =COUNTIFS(tblStudents[Grade],$A46,tblStudents[Branch],cSt_B,tblStudents[Semester],cSt_S,tblStudents[Year],cSt_Y) -> 64
A47: B+ | B47: =COUNTIFS(tblStudents[Grade],$A47,tblStudents[Branch],cSt_B,tblStudents[Semester],cSt_S,tblStudents[Year],cSt_Y) -> 64
A48: B | B48: =COUNTIFS(tblStudents[Grade],$A48,tblStudents[Branch],cSt_B,tblStudents[Semester],cSt_S,tblStudents[Year],cSt_Y) -> 41
A49: C | B49: =COUNTIFS(tblStudents[Grade],$A49,tblStudents[Branch],cSt_B,tblStudents[Semester],cSt_S,tblStudents[Year],cSt_Y) -> 3
A50: P | B50: =COUNTIFS(tblStudents[Grade],$A50,tblStudents[Branch],cSt_B,tblStudents[Semester],cSt_S,tblStudents[Year],cSt_Y) -> 1
A51: F | B51: =COUNTIFS(tblStudents[Grade],$A51,tblStudents[Branch],cSt_B,tblStudents[Semester],cSt_S,tblStudents[Year],cSt_Y) -> 26
A54: Attendance - by Branch (Semester & Year filters)
A55: Branch | B55: Avg Attendance
A56: =Lists!$A$4 -> CSE | B56: =IFERROR(AVERAGEIFS(tblAttendance[Attendance %],tblAttendance[Branch],$A56,tblAttendance[Semester],cAt_S,tblAttendance[Year],cAt_Y),0) -> 0.85425657
A57: =Lists!$A$5 -> ECE | B57: =IFERROR(AVERAGEIFS(tblAttendance[Attendance %],tblAttendance[Branch],$A57,tblAttendance[Semester],cAt_S,tblAttendance[Year],cAt_Y),0) -> 0.84052639
A58: =Lists!$A$6 -> ME | B58: =IFERROR(AVERAGEIFS(tblAttendance[Attendance %],tblAttendance[Branch],$A58,tblAttendance[Semester],cAt_S,tblAttendance[Year],cAt_Y),0) -> 0.80140243
A59: =Lists!$A$7 -> CE | B59: =IFERROR(AVERAGEIFS(tblAttendance[Attendance %],tblAttendance[Branch],$A59,tblAttendance[Semester],cAt_S,tblAttendance[Year],cAt_Y),0) -> 0.82871959
A60: =Lists!$A$8 -> IT | B60: =IFERROR(AVERAGEIFS(tblAttendance[Attendance %],tblAttendance[Branch],$A60,tblAttendance[Semester],cAt_S,tblAttendance[Year],cAt_Y),0) -> 0.84211465
A63: Attendance - by Semester (Branch & Year filters)
A64: Semester | B64: Avg Attendance
A65: =Lists!$E$5 -> 1 | B65: =IFERROR(AVERAGEIFS(tblAttendance[Attendance %],tblAttendance[Semester],$A65,tblAttendance[Branch],cAt_B,tblAttendance[Year],cAt_Y),0) -> 0.8283176
A66: =Lists!$E$6 -> 2 | B66: =IFERROR(AVERAGEIFS(tblAttendance[Attendance %],tblAttendance[Semester],$A66,tblAttendance[Branch],cAt_B,tblAttendance[Year],cAt_Y),0) -> 0.84067427
A67: =Lists!$E$7 -> 3 | B67: =IFERROR(AVERAGEIFS(tblAttendance[Attendance %],tblAttendance[Semester],$A67,tblAttendance[Branch],cAt_B,tblAttendance[Year],cAt_Y),0) -> 0.84748692
A68: =Lists!$E$8 -> 4 | B68: =IFERROR(AVERAGEIFS(tblAttendance[Attendance %],tblAttendance[Semester],$A68,tblAttendance[Branch],cAt_B,tblAttendance[Year],cAt_Y),0) -> 0.82258907
A69: =Lists!$E$9 -> 5 | B69: =IFERROR(AVERAGEIFS(tblAttendance[Attendance %],tblAttendance[Semester],$A69,tblAttendance[Branch],cAt_B,tblAttendance[Year],cAt_Y),0) -> 0.84582243
A70: =Lists!$E$10 -> 6 | B70: =IFERROR(AVERAGEIFS(tblAttendance[Attendance %],tblAttendance[Semester],$A70,tblAttendance[Branch],cAt_B,tblAttendance[Year],cAt_Y),0) -> 0.84011188
A71: =Lists!$E$11 -> 7 | B71: =IFERROR(AVERAGEIFS(tblAttendance[Attendance %],tblAttendance[Semester],$A71,tblAttendance[Branch],cAt_B,tblAttendance[Year],cAt_Y),0) -> 0.82721863
A72: =Lists!$E$12 -> 8 | B72: =IFERROR(AVERAGEIFS(tblAttendance[Attendance %],tblAttendance[Semester],$A72,tblAttendance[Branch],cAt_B,tblAttendance[Year],cAt_Y),0) -> 0.8260835
A75: Attendance - status mix (all filters)
A76: Status | B76: Students
A77: Excellent | B77: =COUNTIFS(tblAttendance[Status],$A77,tblAttendance[Branch],cAt_B,tblAttendance[Semester],cAt_S,tblAttendance[Year],cAt_Y) -> 64
A78: Good | B78: =COUNTIFS(tblAttendance[Status],$A78,tblAttendance[Branch],cAt_B,tblAttendance[Semester],cAt_S,tblAttendance[Year],cAt_Y) -> 89
A79: Satisfactory | B79: =COUNTIFS(tblAttendance[Status],$A79,tblAttendance[Branch],cAt_B,tblAttendance[Semester],cAt_S,tblAttendance[Year],cAt_Y) -> 45
A80: Shortage | B80: =COUNTIFS(tblAttendance[Status],$A80,tblAttendance[Branch],cAt_B,tblAttendance[Semester],cAt_S,tblAttendance[Year],cAt_Y) -> 42
A83: Faculty - by Department (Year filter)
A84: Department | B84: Avg Performance Score
A85: =Lists!$A$4 -> CSE | B85: =IFERROR(AVERAGEIFS(tblFaculty[Performance Score],tblFaculty[Department],$A85,tblFaculty[Year],cFa_Y),0) -> 69.266667
A86: =Lists!$A$5 -> ECE | B86: =IFERROR(AVERAGEIFS(tblFaculty[Performance Score],tblFaculty[Department],$A86,tblFaculty[Year],cFa_Y),0) -> 75.883333
A87: =Lists!$A$6 -> ME | B87: =IFERROR(AVERAGEIFS(tblFaculty[Performance Score],tblFaculty[Department],$A87,tblFaculty[Year],cFa_Y),0) -> 83.133333
A88: =Lists!$A$7 -> CE | B88: =IFERROR(AVERAGEIFS(tblFaculty[Performance Score],tblFaculty[Department],$A88,tblFaculty[Year],cFa_Y),0) -> 76.766667
A89: =Lists!$A$8 -> IT | B89: =IFERROR(AVERAGEIFS(tblFaculty[Performance Score],tblFaculty[Department],$A89,tblFaculty[Year],cFa_Y),0) -> 77.2
A92: Faculty - by Year (Department filter)
A93: Year | B93: Avg Student Feedback
A94: =Lists!$G$5 -> 2023 | B94: =IFERROR(AVERAGEIFS(tblFaculty[Student Feedback],tblFaculty[Year],$A94,tblFaculty[Department],cFa_B),0) -> 4.05625
A95: =Lists!$G$6 -> 2024 | B95: =IFERROR(AVERAGEIFS(tblFaculty[Student Feedback],tblFaculty[Year],$A95,tblFaculty[Department],cFa_B),0) -> 4.03875
A96: =Lists!$G$7 -> 2025 | B96: =IFERROR(AVERAGEIFS(tblFaculty[Student Feedback],tblFaculty[Year],$A96,tblFaculty[Department],cFa_B),0) -> 4.19
A97: =Lists!$G$8 -> 2026 | B97: =IFERROR(AVERAGEIFS(tblFaculty[Student Feedback],tblFaculty[Year],$A97,tblFaculty[Department],cFa_B),0) -> 3.9522222
A100: Faculty - designation mix (Department & Year filters)
A101: Designation | B101: Faculty
A102: Professor | B102: =COUNTIFS(tblFaculty[Designation],$A102,tblFaculty[Department],cFa_B,tblFaculty[Year],cFa_Y) -> 5
A103: Associate Professor | B103: =COUNTIFS(tblFaculty[Designation],$A103,tblFaculty[Department],cFa_B,tblFaculty[Year],cFa_Y) -> 8
A104: Assistant Professor | B104: =COUNTIFS(tblFaculty[Designation],$A104,tblFaculty[Department],cFa_B,tblFaculty[Year],cFa_Y) -> 14
A105: Guest Lecturer | B105: =COUNTIFS(tblFaculty[Designation],$A105,tblFaculty[Department],cFa_B,tblFaculty[Year],cFa_Y) -> 3
A108: Placements - by Branch (Year filter)
A109: Branch | B109: Placement Rate
A110: =Lists!$A$4 -> CSE | B110: =IFERROR(COUNTIFS(tblPlacements[Branch],$A110,tblPlacements[Year],cPl_Y,tblPlacements[Status],"Placed")/COUNTIFS(tblPlacements[Branch],$A110,tblPlacements[Year],cPl_Y),0) -> 0.82926829
A111: =Lists!$A$5 -> ECE | B111: =IFERROR(COUNTIFS(tblPlacements[Branch],$A111,tblPlacements[Year],cPl_Y,tblPlacements[Status],"Placed")/COUNTIFS(tblPlacements[Branch],$A111,tblPlacements[Year],cPl_Y),0) -> 0.73684211
A112: =Lists!$A$6 -> ME | B112: =IFERROR(COUNTIFS(tblPlacements[Branch],$A112,tblPlacements[Year],cPl_Y,tblPlacements[Status],"Placed")/COUNTIFS(tblPlacements[Branch],$A112,tblPlacements[Year],cPl_Y),0) -> 0.68181818
A113: =Lists!$A$7 -> CE | B113: =IFERROR(COUNTIFS(tblPlacements[Branch],$A113,tblPlacements[Year],cPl_Y,tblPlacements[Status],"Placed")/COUNTIFS(tblPlacements[Branch],$A113,tblPlacements[Year],cPl_Y),0) -> 0.55555556
A114: =Lists!$A$8 -> IT | B114: =IFERROR(COUNTIFS(tblPlacements[Branch],$A114,tblPlacements[Year],cPl_Y,tblPlacements[Status],"Placed")/COUNTIFS(tblPlacements[Branch],$A114,tblPlacements[Year],cPl_Y),0) -> 0.87096774
A117: Placements - by Year (Branch filter)
A118: Year | B118: Avg Package (LPA)
A119: =Lists!$G$5 -> 2023 | B119: =IFERROR(AVERAGEIFS(tblPlacements[Package LPA],tblPlacements[Year],$A119,tblPlacements[Branch],cPl_B,tblPlacements[Status],"Placed"),0) -> 11.668421
A120: =Lists!$G$6 -> 2024 | B120: =IFERROR(AVERAGEIFS(tblPlacements[Package LPA],tblPlacements[Year],$A120,tblPlacements[Branch],cPl_B,tblPlacements[Status],"Placed"),0) -> 9.2655172
A121: =Lists!$G$7 -> 2025 | B121: =IFERROR(AVERAGEIFS(tblPlacements[Package LPA],tblPlacements[Year],$A121,tblPlacements[Branch],cPl_B,tblPlacements[Status],"Placed"),0) -> 9.5027778
A122: =Lists!$G$8 -> 2026 | B122: =IFERROR(AVERAGEIFS(tblPlacements[Package LPA],tblPlacements[Year],$A122,tblPlacements[Branch],cPl_B,tblPlacements[Status],"Placed"),0) -> 8.9133333
...
